0.00,0.00
0.10,0.00
0.20,0.00
0.30,0.00
0.40,0.00
0.50,0.00
0.60,0.01
0.70,0.01
0.80,0.01
0.90,0.01
1.00,0.01
1.10,0.01
1.20,0.01
1.30,0.01
1.40,0.01
1.50,0.01
1.60,0.01
1.70,0.01
1.80,0.01
1.90,0.01
2.00,0.00
2.10,0.00
2.20,-0.00
2.30,-0.00
2.40,-0.00
2.50,-0.00
2.60,-0.00
2.70,-0.00
2.80,-0.00
2.90,-0.01
3.00,-0.01
3.10,-0.01
3.20,-0.01
3.30,-0.01
3.40,-0.01
3.50,-0.01
3.60,-0.01
3.70,-0.01
3.80,-0.01
3.90,-0.01
4.00,-0.01
4.10,-0.01
4.20,-0.01
4.30,-0.02
4.40,-0.02
4.50,-0.02
4.60,-0.02
4.70,-0.02
4.80,-0.02
4.90,-0.03
5.00,-0.03
5.10,-0.03
5.20,-0.03
5.30,-0.03
5.40,-0.03
5.50,-0.03
5.60,-0.03
5.70,-0.03
5.80,-0.03
5.90,-0.03
6.00,-0.04
6.10,-0.04
6.20,-0.04
6.30,-0.04
6.40,-0.04
6.50,-0.05
6.60,-0.05
6.70,-0.05
6.80,-0.05
6.90,-0.04
7.00,-0.05
7.10,-0.05
7.20,-0.05
7.30,-0.05
7.40,-0.05
7.50,-0.06
7.60,-0.06
7.70,-0.06
7.80,-0.06
7.90,-0.06
8.00,-0.06
8.10,-0.06
8.20,-0.05
8.30,-0.05
8.40,-0.06
8.50,-0.06
8.60,-0.06
8.70,-0.06
8.80,-0.06
8.90,-0.06
9.00,-0.06
9.10,-0.06
9.20,-0.07
9.30,-0.07
9.40,-0.07
9.50,-0.07
9.60,-0.07
9.70,-0.07
9.80,-0.07
9.90,-0.07
10.00,-0.07
10.10,-0.07
10.20,-0.07
10.30,-0.07
10.40,-0.07
10.50,-0.07
10.60,-0.07
10.70,-0.07
10.80,-0.07
10.90,-0.07
11.00,-0.07
11.10,-0.07
11.20,-0.07
11.30,-0.07
11.40,-0.07
11.50,-0.07
11.60,-0.07
11.70,-0.08
11.80,-0.08
11.90,-0.08
12.00,-0.08
12.10,-0.09
12.20,-0.09
12.30,-0.09
12.40,-0.09
12.50,-0.09
12.60,-0.09
12.70,-0.09
12.80,-0.09
12.90,-0.10
13.00,-0.10
13.10,-0.10
13.20,-0.10
13.30,-0.10
13.40,-0.10
13.50,-0.10
13.60,-0.10
13.70,-0.10
13.80,-0.10
13.90,-0.10
14.00,-0.10
14.10,-0.10
14.20,-0.11
14.30,-0.11
14.40,-0.11
14.50,-0.11
14.60,-0.11
14.70,-0.11
14.80,-0.11
14.90,-0.12
15.00,-0.12
15.10,-0.12
15.20,-0.12
15.30,-0.12
15.40,-0.12
15.50,-0.13
15.60,-0.13
15.70,-0.14
15.80,-0.14
15.90,-0.14
16.00,-0.15
16.10,-0.15
16.20,-0.16
16.30,-0.16
16.40,-0.16
16.50,-0.16
16.60,-0.16
16.70,-0.16
16.80,-0.17
16.90,-0.17
17.00,-0.17
17.10,-0.17
17.20,-0.18
17.30,-0.18
17.40,-0.18
17.50,-0.18
17.60,-0.18
17.70,-0.17
17.80,-0.17
17.90,-0.17
18.00,-0.17
18.10,-0.17
18.20,-0.17
18.30,-0.17
18.40,-0.17
18.50,-0.18
18.60,-0.18
18.70,-0.18
18.80,-0.18
18.90,-0.18
19.00,-0.18
19.10,-0.18
19.20,-0.18
19.30,-0.19
19.40,-0.19
19.50,-0.19
19.60,-0.19
19.70,-0.20
19.80,-0.20
19.90,-0.20
20.00,-0.20
20.10,-0.20
20.20,-0.20
20.30,-0.20
20.40,-0.19
20.50,-0.20
20.60,-0.20
20.70,-0.20
20.80,-0.19
20.90,-0.19
21.00,-0.19
21.10,-0.19
21.20,-0.19
21.30,-0.19
21.40,-0.18
21.50,-0.18
21.60,-0.18
21.70,-0.18
21.80,-0.18
21.90,-0.18
22.00,-0.18
22.10,-0.18
22.20,-0.18
22.30,-0.18
22.40,-0.18
22.50,-0.18
22.60,-0.18
22.70,-0.18
22.80,-0.18
22.90,-0.18
23.00,-0.18
23.10,-0.18
23.20,-0.18
23.30,-0.19
23.40,-0.19
23.50,-0.19
23.60,-0.19
23.70,-0.20
23.80,-0.20
23.90,-0.20
24.00,-0.20
24.10,-0.21
24.20,-0.21
24.30,-0.21
24.40,-0.21
24.50,-0.22
24.60,-0.22
24.70,-0.22
24.80,-0.22
24.90,-0.22
25.00,-0.22
25.10,-0.23
25.20,-0.23
25.30,-0.23
25.40,-0.23
25.50,-0.23
25.60,-0.23
25.70,-0.23
25.80,-0.23
25.90,-0.23
26.00,-0.23
26.10,-0.23
26.20,-0.23
26.30,-0.23
26.40,-0.23
26.50,-0.24
26.60,-0.24
26.70,-0.23
26.80,-0.23
26.90,-0.23
27.00,-0.23
27.10,-0.23
27.20,-0.23
27.30,-0.23
27.40,-0.23
27.50,-0.23
27.60,-0.23
27.70,-0.23
27.80,-0.23
27.90,-0.23
28.00,-0.23
28.10,-0.23
28.20,-0.23
28.30,-0.23
28.40,-0.24
28.50,-0.24
28.60,-0.24
28.70,-0.24
28.80,-0.24
28.90,-0.24
29.00,-0.24
29.10,-0.24
29.20,-0.24
29.30,-0.24
29.40,-0.24
29.50,-0.24
29.60,-0.24
29.70,-0.24
29.80,-0.24
29.90,-0.24
30.00,-0.24
30.10,-0.24
30.20,-0.24
30.30,-0.24
30.40,-0.24
30.50,-0.24
30.60,-0.24
30.70,-0.24
30.80,-0.24
30.90,-0.24
31.00,-0.24
31.10,-0.23
31.20,-0.23
31.30,-0.23
31.40,-0.23
31.50,-0.23
31.60,-0.23
31.70,-0.23
31.80,-0.23
31.90,-0.23
32.00,-0.23
32.10,-0.23
32.20,-0.23
32.30,-0.23
32.40,-0.23
32.50,-0.23
32.60,-0.23
32.70,-0.23
32.80,-0.23
32.90,-0.24
33.00,-0.24
33.10,-0.24
33.20,-0.25
33.30,-0.25
33.40,-0.25
33.50,-0.25
33.60,-0.26
33.70,-0.26
33.80,-0.26
33.90,-0.26
34.00,-0.26
34.10,-0.26
34.20,-0.26
34.30,-0.26
34.40,-0.26
34.50,-0.26
34.60,-0.26
34.70,-0.26
34.80,-0.26
34.90,-0.26
35.00,-0.26
35.10,-0.26
35.20,-0.27
35.30,-0.27
35.40,-0.27
35.50,-0.27
35.60,-0.27
35.70,-0.28
35.80,-0.28
35.90,-0.28
36.00,-0.28
36.10,-0.28
36.20,-0.29
36.30,-0.29
36.40,-0.29
36.50,-0.29
36.60,-0.29
36.70,-0.29
36.80,-0.29
36.90,-0.29
37.00,-0.29
37.10,-0.29
37.20,-0.29
37.30,-0.29
37.40,-0.29
37.50,-0.29
37.60,-0.29
37.70,-0.29
37.80,-0.29
37.90,-0.30
38.00,-0.30
38.10,-0.30
38.20,-0.30
38.30,-0.30
38.40,-0.30
38.50,-0.30
38.60,-0.31
38.70,-0.31
38.80,-0.31
38.90,-0.31
39.00,-0.31
39.10,-0.31
39.20,-0.31
39.30,-0.31
39.40,-0.31
39.50,-0.31
39.60,-0.31
39.70,-0.31
39.80,-0.31
39.90,-0.31
40.00,-0.31
40.10,-0.31
40.20,-0.31
40.30,-0.32
40.40,-0.32
40.50,-0.32
40.60,-0.32
40.70,-0.32
40.80,-0.32
40.90,-0.32
41.00,-0.32
41.10,-0.32
41.20,-0.32
41.30,-0.33
41.40,-0.33
41.50,-0.33
41.60,-0.34
41.70,-0.34
41.80,-0.34
41.90,-0.34
42.00,-0.34
42.10,-0.34
42.20,-0.34
42.30,-0.35
42.40,-0.35
42.50,-0.35
42.60,-0.35
42.70,-0.36
42.80,-0.36
42.90,-0.36
43.00,-0.36
43.10,-0.36
43.20,-0.36
43.30,-0.37
43.40,-0.37
43.50,-0.37
43.60,-0.37
43.70,-0.38
43.80,-0.38
43.90,-0.38
44.00,-0.38
44.10,-0.39
44.20,-0.39
44.30,-0.39
44.40,-0.39
44.50,-0.39
44.60,-0.39
44.70,-0.39
44.80,-0.39
44.90,-0.39
45.00,-0.39
45.10,-0.39
45.20,-0.39
45.30,-0.39
45.40,-0.39
45.50,-0.39
45.60,-0.39
45.70,-0.39
45.80,-0.39
45.90,-0.39
46.00,-0.39
46.10,-0.39
46.20,-0.39
46.30,-0.39
46.40,-0.39
46.50,-0.39
46.60,-0.39
46.70,-0.38
46.80,-0.38
46.90,-0.38
47.00,-0.38
47.10,-0.38
47.20,-0.38
47.30,-0.38
47.40,-0.38
47.50,-0.38
47.60,-0.38
47.70,-0.38
47.80,-0.38
47.90,-0.37
48.00,-0.37
48.10,-0.37
48.20,-0.37
48.30,-0.38
48.40,-0.38
48.50,-0.38
48.60,-0.38
48.70,-0.38
48.80,-0.38
48.90,-0.38
49.00,-0.38
49.10,-0.38
49.20,-0.38
49.30,-0.37
49.40,-0.37
49.50,-0.37
49.60,-0.37
49.70,-0.37
49.80,-0.37
49.90,-0.37
50.00,-0.37
50.10,-0.37
50.20,-0.37
50.30,-0.37
50.40,-0.37
50.50,-0.37
50.60,-0.37
50.70,-0.37
50.80,-0.37
50.90,-0.37
51.00,-0.37
51.10,-0.37
51.20,-0.37
51.30,-0.37
51.40,-0.37
51.50,-0.38
51.60,-0.38
51.70,-0.38
51.80,-0.38
51.90,-0.38
52.00,-0.38
52.10,-0.38
52.20,-0.38
52.30,-0.38
52.40,-0.38
52.50,-0.39
52.60,-0.38
52.70,-0.38
52.80,-0.38
52.90,-0.38
53.00,-0.38
53.10,-0.38
53.20,-0.38
53.30,-0.39
53.40,-0.39
53.50,-0.39
53.60,-0.39
53.70,-0.39
53.80,-0.39
53.90,-0.40
54.00,-0.40
54.10,-0.40
54.20,-0.40
54.30,-0.40
54.40,-0.40
54.50,-0.40
54.60,-0.40
54.70,-0.40
54.80,-0.40
54.90,-0.40
55.00,-0.40
55.10,-0.40
55.20,-0.40
55.30,-0.40
55.40,-0.40
55.50,-0.40
55.60,-0.40
55.70,-0.40
55.80,-0.40
55.90,-0.40
56.00,-0.40
56.10,-0.40
56.20,-0.40
56.30,-0.40
56.40,-0.41
56.50,-0.41
56.60,-0.41
56.70,-0.41
56.80,-0.41
56.90,-0.41
57.00,-0.41
57.10,-0.41
57.20,-0.42
57.30,-0.42
57.40,-0.42
57.50,-0.42
57.60,-0.42
57.70,-0.42
57.80,-0.42
57.90,-0.42
58.00,-0.42
58.10,-0.42
58.20,-0.42
58.30,-0.42
58.40,-0.42
58.50,-0.42
58.60,-0.42
58.70,-0.42
58.80,-0.42
58.90,-0.42
59.00,-0.42
59.10,-0.42
59.20,-0.42
59.30,-0.42
59.40,-0.42
59.50,-0.42
59.60,-0.42
59.70,-0.42
59.80,-0.42
59.90,-0.42
60.00,-0.42
60.10,-0.42
60.20,-0.43
60.30,-0.43
60.40,-0.43
60.50,-0.43
60.60,-0.43
60.70,-0.44
60.80,-0.44
60.90,-0.44
61.00,-0.44
61.10,-0.45
61.20,-0.45
61.30,-0.45
61.40,-0.45
61.50,-0.45
61.60,-0.46
61.70,-0.46
61.80,-0.46
61.90,-0.47
62.00,-0.47
62.10,-0.47
62.20,-0.47
62.30,-0.48
62.40,-0.48
62.50,-0.48
62.60,-0.48
62.70,-0.48
62.80,-0.48
62.90,-0.48
63.00,-0.48
63.10,-0.48
63.20,-0.48
63.30,-0.48
63.40,-0.48
63.50,-0.48
63.60,-0.48
63.70,-0.48
63.80,-0.48
63.90,-0.48
64.00,-0.48
64.10,-0.49
64.20,-0.49
64.30,-0.49
64.40,-0.49
64.50,-0.49
64.60,-0.50
64.70,-0.50
64.80,-0.50
64.90,-0.50
65.00,-0.51
65.10,-0.51
65.20,-0.51
65.30,-0.51
65.40,-0.51
65.50,-0.52
65.60,-0.52
65.70,-0.52
65.80,-0.51
65.90,-0.51
66.00,-0.51
66.10,-0.51
66.20,-0.51
66.30,-0.51
66.40,-0.50
66.50,-0.50
66.60,-0.50
66.70,-0.50
66.80,-0.50
66.90,-0.49
67.00,-0.49
67.10,-0.49
67.20,-0.49
67.30,-0.48
67.40,-0.48
67.50,-0.48
67.60,-0.48
67.70,-0.48
67.80,-0.48
67.90,-0.48
68.00,-0.48
68.10,-0.48
68.20,-0.48
68.30,-0.48
68.40,-0.48
68.50,-0.48
68.60,-0.48
68.70,-0.48
68.80,-0.48
68.90,-0.48
69.00,-0.48
69.10,-0.48
69.20,-0.48
69.30,-0.48
69.40,-0.48
69.50,-0.48
69.60,-0.48
69.70,-0.49
69.80,-0.49
69.90,-0.49
70.00,-0.49
70.10,-0.49
70.20,-0.49
70.30,-0.49
70.40,-0.49
70.50,-0.49
70.60,-0.49
70.70,-0.49
70.80,-0.49
70.90,-0.49
71.00,-0.49
71.10,-0.49
71.20,-0.49
71.30,-0.49
71.40,-0.49
71.50,-0.49
71.60,-0.49
71.70,-0.49
71.80,-0.49
71.90,-0.49
72.00,-0.49
72.10,-0.49
72.20,-0.49
72.30,-0.49
72.40,-0.49
72.50,-0.49
72.60,-0.50
72.70,-0.50
72.80,-0.50
72.90,-0.50
73.00,-0.50
73.10,-0.50
73.20,-0.50
73.30,-0.50
73.40,-0.50
73.50,-0.50
73.60,-0.50
73.70,-0.50
73.80,-0.50
73.90,-0.50
74.00,-0.50
74.10,-0.50
74.20,-0.50
74.30,-0.50
74.40,-0.50
74.50,-0.50
74.60,-0.51
74.70,-0.51
74.80,-0.51
74.90,-0.51
75.00,-0.52
75.10,-0.52
75.20,-0.53
75.30,-0.53
75.40,-0.54
75.50,-0.54
75.60,-0.54
75.70,-0.54
75.80,-0.55
75.90,-0.55
76.00,-0.55
76.10,-0.56
76.20,-0.56
76.30,-0.56
76.40,-0.56
76.50,-0.56
76.60,-0.56
76.70,-0.56
76.80,-0.56
76.90,-0.56
77.00,-0.55
77.10,-0.55
77.20,-0.55
77.30,-0.55
77.40,-0.55
77.50,-0.55
77.60,-0.55
77.70,-0.55
77.80,-0.54
77.90,-0.54
78.00,-0.54
78.10,-0.54
78.20,-0.54
78.30,-0.55
78.40,-0.55
78.50,-0.55
78.60,-0.55
78.70,-0.55
78.80,-0.55
78.90,-0.55
79.00,-0.55
79.10,-0.55
79.20,-0.56
79.30,-0.56
79.40,-0.56
79.50,-0.56
79.60,-0.56
79.70,-0.56
79.80,-0.56
79.90,-0.56
80.00,-0.56
80.10,-0.56
80.20,-0.56
80.30,-0.56
80.40,-0.55
80.50,-0.55
80.60,-0.55
80.70,-0.55
80.80,-0.55
80.90,-0.55
81.00,-0.55
81.10,-0.55
81.20,-0.54
81.30,-0.54
81.40,-0.54
81.50,-0.54
81.60,-0.54
81.70,-0.54
81.80,-0.54
81.90,-0.53
82.00,-0.53
82.10,-0.53
82.20,-0.54
82.30,-0.54
82.40,-0.54
82.50,-0.54
82.60,-0.54
82.70,-0.54
82.80,-0.55
82.90,-0.55
83.00,-0.55
83.10,-0.55
83.20,-0.56
83.30,-0.56
83.40,-0.56
83.50,-0.56
83.60,-0.56
83.70,-0.56
83.80,-0.56
83.90,-0.56
84.00,-0.56
84.10,-0.56
84.20,-0.56
84.30,-0.55
84.40,-0.55
84.50,-0.55
84.60,-0.55
84.70,-0.55
84.80,-0.55
84.90,-0.55
85.00,-0.55
85.10,-0.55
85.20,-0.55
85.30,-0.55
85.40,-0.56
85.50,-0.56
85.60,-0.56
85.70,-0.56
85.80,-0.56
85.90,-0.56
86.00,-0.57
86.10,-0.57
86.20,-0.57
86.30,-0.57
86.40,-0.57
86.50,-0.57
86.60,-0.57
86.70,-0.57
86.80,-0.57
86.90,-0.57
87.00,-0.57
87.10,-0.57
87.20,-0.58
87.30,-0.58
87.40,-0.58
87.50,-0.58
87.60,-0.58
87.70,-0.57
87.80,-0.57
87.90,-0.57
88.00,-0.57
88.10,-0.57
88.20,-0.57
88.30,-0.57
88.40,-0.57
88.50,-0.57
88.60,-0.57
88.70,-0.56
88.80,-0.56
88.90,-0.56
89.00,-0.56
89.10,-0.56
89.20,-0.56
89.30,-0.56
89.40,-0.56
89.50,-0.56
89.60,-0.56
89.70,-0.56
89.80,-0.56
89.90,-0.57
90.00,-0.57
90.10,-0.57
90.20,-0.57
90.30,-0.57
90.40,-0.58
90.50,-0.58
90.60,-0.58
90.70,-0.58
90.80,-0.58
90.90,-0.58
91.00,-0.58
91.10,-0.58
91.20,-0.58
91.30,-0.59
91.40,-0.59
91.50,-0.59
91.60,-0.59
91.70,-0.59
91.80,-0.59
91.90,-0.59
92.00,-0.59
92.10,-0.59
92.20,-0.59
92.30,-0.59
92.40,-0.59
92.50,-0.58
92.60,-0.58
92.70,-0.58
92.80,-0.58
92.90,-0.58
93.00,-0.58
93.10,-0.58
93.20,-0.58
93.30,-0.58
93.40,-0.58
93.50,-0.58
93.60,-0.58
93.70,-0.58
93.80,-0.58
93.90,-0.58
94.00,-0.58
94.10,-0.58
94.20,-0.58
94.30,-0.58
94.40,-0.58
94.50,-0.58
94.60,-0.58
94.70,-0.59
94.80,-0.59
94.90,-0.59
95.00,-0.59
95.10,-0.59
95.20,-0.59
95.30,-0.60
95.40,-0.60
95.50,-0.60
95.60,-0.60
95.70,-0.60
95.80,-0.60
95.90,-0.60
96.00,-0.60
96.10,-0.61
96.20,-0.61
96.30,-0.61
96.40,-0.61
96.50,-0.61
96.60,-0.62
96.70,-0.62
96.80,-0.62
96.90,-0.62
97.00,-0.62
97.10,-0.62
97.20,-0.62
97.30,-0.62
97.40,-0.62
97.50,-0.62
97.60,-0.63
97.70,-0.63
97.80,-0.63
97.90,-0.63
98.00,-0.63
98.10,-0.63
98.20,-0.63
98.30,-0.63
98.40,-0.62
98.50,-0.62
98.60,-0.62
98.70,-0.62
98.80,-0.62
98.90,-0.62
99.00,-0.62
99.10,-0.63
99.20,-0.63
99.30,-0.63
99.40,-0.63
99.50,-0.63
99.60,-0.63
99.70,-0.63
99.80,-0.63
99.90,-0.63
100.00,-0.62
100.10,-0.62
100.20,-0.62
100.30,-0.62
100.40,-0.62
100.50,-0.62
100.60,-0.61
100.70,-0.61
100.80,-0.61
100.90,-0.61
101.00,-0.61
101.10,-0.61
101.20,-0.60
101.30,-0.60
101.40,-0.60
101.50,-0.60
101.60,-0.60
101.70,-0.60
101.80,-0.60
101.90,-0.60
102.00,-0.60
102.10,-0.60
102.20,-0.60
102.30,-0.59
102.40,-0.59
102.50,-0.59
102.60,-0.59
102.70,-0.59
102.80,-0.59
102.90,-0.59
103.00,-0.59
103.10,-0.59
103.20,-0.59
103.30,-0.59
103.40,-0.59
103.50,-0.59
103.60,-0.60
103.70,-0.60
103.80,-0.60
103.90,-0.60
104.00,-0.60
104.10,-0.60
104.20,-0.61
104.30,-0.61
104.40,-0.61
104.50,-0.61
104.60,-0.62
104.70,-0.62
104.80,-0.62
104.90,-0.62
105.00,-0.63
105.10,-0.63
105.20,-0.63
105.30,-0.64
105.40,-0.64
105.50,-0.64
105.60,-0.64
105.70,-0.65
105.80,-0.65
105.90,-0.65
106.00,-0.65
106.10,-0.66
106.20,-0.66
106.30,-0.66
106.40,-0.66
106.50,-0.66
106.60,-0.66
106.70,-0.66
106.80,-0.66
106.90,-0.66
107.00,-0.66
107.10,-0.66
107.20,-0.66
107.30,-0.66
107.40,-0.66
107.50,-0.66
107.60,-0.66
107.70,-0.66
107.80,-0.66
107.90,-0.66
108.00,-0.66
108.10,-0.66
108.20,-0.66
108.30,-0.66
108.40,-0.66
108.50,-0.66
108.60,-0.66
108.70,-0.66
108.80,-0.67
108.90,-0.67
109.00,-0.67
109.10,-0.67
109.20,-0.67
109.30,-0.67
109.40,-0.67
109.50,-0.67
109.60,-0.68
109.70,-0.68
109.80,-0.68
109.90,-0.68
110.00,-0.68
110.10,-0.68
110.20,-0.68
110.30,-0.68
110.40,-0.69
110.50,-0.69
110.60,-0.68
110.70,-0.69
110.80,-0.69
110.90,-0.69
111.00,-0.69
111.10,-0.69
111.20,-0.69
111.30,-0.69
111.40,-0.69
111.50,-0.69
111.60,-0.69
111.70,-0.69
111.80,-0.69
111.90,-0.69
112.00,-0.69
112.10,-0.69
112.20,-0.68
112.30,-0.68
112.40,-0.68
112.50,-0.69
112.60,-0.69
112.70,-0.69
112.80,-0.69
112.90,-0.69
113.00,-0.69
113.10,-0.69
113.20,-0.69
113.30,-0.70
113.40,-0.70
113.50,-0.70
113.60,-0.70
113.70,-0.70
113.80,-0.71
113.90,-0.71
114.00,-0.71
114.10,-0.71
114.20,-0.71
114.30,-0.71
114.40,-0.71
114.50,-0.71
114.60,-0.71
114.70,-0.71
114.80,-0.71
114.90,-0.71
115.00,-0.71
115.10,-0.71
115.20,-0.71
115.30,-0.71
115.40,-0.71
115.50,-0.71
115.60,-0.71
115.70,-0.71
115.80,-0.72
115.90,-0.72
116.00,-0.72
116.10,-0.72
116.20,-0.72
116.30,-0.73
116.40,-0.73
116.50,-0.73
116.60,-0.73
116.70,-0.73
116.80,-0.73
116.90,-0.74
117.00,-0.74
117.10,-0.74
117.20,-0.74
117.30,-0.74
117.40,-0.74
117.50,-0.74
117.60,-0.74
117.70,-0.73
117.80,-0.73
117.90,-0.73
118.00,-0.73
118.10,-0.73
118.20,-0.73
118.30,-0.73
118.40,-0.73
118.50,-0.72
118.60,-0.72
118.70,-0.72
118.80,-0.72
118.90,-0.72
119.00,-0.72
119.10,-0.72
119.20,-0.72
119.30,-0.72
119.40,-0.72
119.50,-0.72
119.60,-0.72
119.70,-0.72
119.80,-0.72
119.90,-0.72
120.00,-0.72
120.10,-0.72
120.20,-0.72
120.30,-0.72
120.40,-0.73
120.50,-0.73
120.60,-0.72
120.70,-0.72
120.80,-0.73
120.90,-0.73
121.00,-0.73
121.10,-0.73
121.20,-0.73
121.30,-0.73
121.40,-0.73
121.50,-0.73
121.60,-0.73
121.70,-0.73
121.80,-0.73
121.90,-0.73
122.00,-0.73
122.10,-0.73
122.20,-0.73
122.30,-0.73
122.40,-0.73
122.50,-0.73
122.60,-0.73
122.70,-0.73
122.80,-0.73
122.90,-0.73
123.00,-0.73
123.10,-0.73
123.20,-0.73
123.30,-0.73
123.40,-0.73
123.50,-0.73
123.60,-0.73
123.70,-0.73
123.80,-0.73
123.90,-0.73
124.00,-0.73
124.10,-0.73
124.20,-0.73
124.30,-0.73
124.40,-0.73
124.50,-0.73
124.60,-0.73
124.70,-0.73
124.80,-0.73
124.90,-0.73
125.00,-0.73
125.10,-0.72
125.20,-0.72
125.30,-0.72
125.40,-0.72
125.50,-0.71
125.60,-0.71
125.70,-0.71
125.80,-0.71
125.90,-0.70
126.00,-0.70
126.10,-0.70
126.20,-0.70
126.30,-0.70
126.40,-0.69
126.50,-0.69
126.60,-0.69
126.70,-0.69
126.80,-0.69
126.90,-0.69
127.00,-0.70
127.10,-0.70
127.20,-0.70
127.30,-0.70
127.40,-0.70
127.50,-0.70
127.60,-0.71
127.70,-0.71
127.80,-0.71
127.90,-0.71
128.00,-0.71
128.10,-0.71
128.20,-0.71
128.30,-0.71
128.40,-0.71
128.50,-0.71
128.60,-0.71
128.70,-0.71
128.80,-0.71
128.90,-0.71
129.00,-0.72
129.10,-0.72
129.20,-0.72
129.30,-0.72
129.40,-0.72
129.50,-0.72
129.60,-0.72
129.70,-0.73
129.80,-0.73
129.90,-0.73
130.00,-0.73
130.10,-0.73
130.20,-0.73
130.30,-0.74
130.40,-0.74
130.50,-0.74
130.60,-0.74
130.70,-0.74
130.80,-0.74
130.90,-0.74
131.00,-0.73
131.10,-0.73
131.20,-0.73
131.30,-0.73
131.40,-0.73
131.50,-0.73
131.60,-0.73
131.70,-0.73
131.80,-0.72
131.90,-0.72
132.00,-0.72
132.10,-0.72
132.20,-0.72
132.30,-0.72
132.40,-0.71
132.50,-0.71
132.60,-0.71
132.70,-0.71
132.80,-0.71
132.90,-0.71
133.00,-0.71
133.10,-0.71
133.20,-0.71
133.30,-0.71
133.40,-0.71
133.50,-0.71
133.60,-0.71
133.70,-0.70
133.80,-0.70
133.90,-0.70
134.00,-0.70
134.10,-0.70
134.20,-0.70
134.30,-0.70
134.40,-0.70
134.50,-0.69
134.60,-0.69
134.70,-0.69
134.80,-0.69
134.90,-0.69
135.00,-0.69
135.10,-0.69
135.20,-0.69
135.30,-0.69
135.40,-0.69
135.50,-0.70
135.60,-0.70
135.70,-0.70
135.80,-0.70
135.90,-0.69
136.00,-0.70
136.10,-0.70
136.20,-0.70
136.30,-0.70
136.40,-0.70
136.50,-0.70
136.60,-0.70
136.70,-0.70
136.80,-0.70
136.90,-0.71
137.00,-0.71
137.10,-0.71
137.20,-0.71
137.30,-0.71
137.40,-0.71
137.50,-0.71
137.60,-0.71
137.70,-0.71
137.80,-0.71
137.90,-0.72
138.00,-0.72
138.10,-0.71
138.20,-0.72
138.30,-0.71
138.40,-0.72
138.50,-0.72
138.60,-0.72
138.70,-0.72
138.80,-0.72
138.90,-0.72
139.00,-0.72
139.10,-0.72
139.20,-0.72
139.30,-0.73
139.40,-0.73
139.50,-0.73
139.60,-0.73
139.70,-0.73
139.80,-0.73
139.90,-0.74
140.00,-0.74
140.10,-0.74
140.20,-0.74
140.30,-0.74
140.40,-0.74
140.50,-0.74
140.60,-0.73
140.70,-0.73
140.80,-0.73
140.90,-0.73
141.00,-0.73
141.10,-0.73
141.20,-0.73
141.30,-0.73
141.40,-0.73
141.50,-0.73
141.60,-0.73
141.70,-0.73
141.80,-0.73
141.90,-0.73
142.00,-0.73
142.10,-0.73
142.20,-0.73
142.30,-0.73
142.40,-0.73
142.50,-0.73
142.60,-0.73
142.70,-0.73
142.80,-0.73
142.90,-0.74
143.00,-0.74
143.10,-0.74
143.20,-0.74
143.30,-0.74
143.40,-0.74
143.50,-0.74
143.60,-0.74
143.70,-0.74
143.80,-0.74
143.90,-0.74
144.00,-0.74
144.10,-0.74
144.20,-0.74
144.30,-0.74
144.40,-0.74
144.50,-0.74
144.60,-0.74
144.70,-0.74
144.80,-0.74
144.90,-0.74
145.00,-0.74
145.10,-0.75
145.20,-0.75
145.30,-0.74
145.40,-0.75
145.50,-0.75
145.60,-0.75
145.70,-0.75
145.80,-0.75
145.90,-0.75
146.00,-0.75
146.10,-0.76
146.20,-0.76
146.30,-0.76
146.40,-0.76
146.50,-0.76
146.60,-0.76
146.70,-0.76
146.80,-0.76
146.90,-0.76
147.00,-0.77
147.10,-0.77
147.20,-0.77
147.30,-0.77
147.40,-0.77
147.50,-0.77
147.60,-0.77
147.70,-0.77
147.80,-0.77
147.90,-0.77
148.00,-0.77
148.10,-0.77
148.20,-0.78
148.30,-0.78
148.40,-0.78
148.50,-0.78
148.60,-0.78
148.70,-0.79
148.80,-0.79
148.90,-0.79
149.00,-0.80
149.10,-0.80
149.20,-0.80
149.30,-0.80
149.40,-0.80
149.50,-0.80
149.60,-0.80
149.70,-0.80
149.80,-0.80
149.90,-0.80
150.00,-0.80
150.10,-0.80
150.20,-0.80
150.30,-0.80
150.40,-0.80
150.50,-0.80
150.60,-0.79
150.70,-0.79
150.80,-0.79
150.90,-0.79
151.00,-0.79
151.10,-0.79
151.20,-0.79
151.30,-0.79
151.40,-0.79
151.50,-0.79
151.60,-0.79
151.70,-0.79
151.80,-0.79
151.90,-0.79
152.00,-0.79
152.10,-0.79
152.20,-0.79
152.30,-0.79
152.40,-0.79
152.50,-0.79
152.60,-0.79
152.70,-0.79
152.80,-0.79
152.90,-0.79
153.00,-0.79
153.10,-0.79
153.20,-0.79
153.30,-0.79
153.40,-0.79
153.50,-0.80
153.60,-0.80
153.70,-0.80
153.80,-0.80
153.90,-0.80
154.00,-0.80
154.10,-0.80
154.20,-0.81
154.30,-0.81
154.40,-0.81
154.50,-0.81
154.60,-0.81
154.70,-0.82
154.80,-0.82
154.90,-0.82
155.00,-0.82
155.10,-0.82
155.20,-0.82
155.30,-0.82
155.40,-0.82
155.50,-0.81
155.60,-0.81
155.70,-0.81
155.80,-0.81
155.90,-0.81
156.00,-0.81
156.10,-0.81
156.20,-0.81
156.30,-0.81
156.40,-0.80
156.50,-0.80
156.60,-0.80
156.70,-0.80
156.80,-0.80
156.90,-0.80
157.00,-0.80
157.10,-0.80
157.20,-0.80
157.30,-0.81
157.40,-0.81
157.50,-0.81
157.60,-0.82
157.70,-0.82
157.80,-0.82
157.90,-0.83
158.00,-0.83
158.10,-0.83
158.20,-0.83
158.30,-0.84
158.40,-0.84
158.50,-0.84
158.60,-0.84
158.70,-0.84
158.80,-0.84
158.90,-0.84
159.00,-0.84
159.10,-0.84
159.20,-0.84
159.30,-0.84
159.40,-0.84
159.50,-0.84
159.60,-0.84
159.70,-0.84
159.80,-0.84
159.90,-0.84
160.00,-0.84
160.10,-0.84
160.20,-0.84
160.30,-0.84
160.40,-0.84
160.50,-0.84
160.60,-0.84
160.70,-0.84
160.80,-0.84
160.90,-0.84
161.00,-0.84
161.10,-0.84
161.20,-0.84
161.30,-0.84
161.40,-0.84
161.50,-0.84
161.60,-0.84
161.70,-0.84
161.80,-0.84
161.90,-0.85
162.00,-0.85
162.10,-0.85
162.20,-0.85
162.30,-0.85
162.40,-0.85
162.50,-0.85
162.60,-0.86
162.70,-0.86
162.80,-0.86
162.90,-0.86
163.00,-0.87
163.10,-0.87
163.20,-0.87
163.30,-0.87
163.40,-0.87
163.50,-0.88
163.60,-0.88
163.70,-0.88
163.80,-0.88
163.90,-0.88
164.00,-0.88
164.10,-0.88
164.20,-0.88
164.30,-0.88
164.40,-0.88
164.50,-0.88
164.60,-0.88
164.70,-0.88
164.80,-0.88
164.90,-0.88
165.00,-0.89
165.10,-0.89
165.20,-0.89
165.30,-0.89
165.40,-0.89
165.50,-0.89
165.60,-0.89
165.70,-0.89
165.80,-0.89
165.90,-0.89
166.00,-0.89
166.10,-0.90
166.20,-0.90
166.30,-0.90
166.40,-0.90
166.50,-0.90
166.60,-0.90
166.70,-0.90
166.80,-0.90
166.90,-0.90
167.00,-0.90
167.10,-0.91
167.20,-0.91
167.30,-0.91
167.40,-0.91
167.50,-0.91
167.60,-0.91
167.70,-0.91
167.80,-0.92
167.90,-0.92
168.00,-0.92
168.10,-0.92
168.20,-0.92
168.30,-0.92
168.40,-0.92
168.50,-0.92
168.60,-0.92
168.70,-0.92
168.80,-0.92
168.90,-0.92
169.00,-0.92
169.10,-0.92
169.20,-0.92
169.30,-0.92
169.40,-0.92
169.50,-0.91
169.60,-0.91
169.70,-0.91
169.80,-0.91
169.90,-0.91
170.00,-0.91
170.10,-0.91
170.20,-0.91
170.30,-0.91
170.40,-0.91
170.50,-0.91
170.60,-0.91
170.70,-0.91
170.80,-0.91
170.90,-0.91
171.00,-0.91
171.10,-0.91
171.20,-0.91
171.30,-0.91
171.40,-0.91
171.50,-0.91
171.60,-0.91
171.70,-0.91
171.80,-0.91
171.90,-0.90
172.00,-0.90
172.10,-0.90
172.20,-0.91
172.30,-0.91
172.40,-0.91
172.50,-0.91
172.60,-0.91
172.70,-0.91
172.80,-0.91
172.90,-0.91
173.00,-0.92
173.10,-0.92
173.20,-0.92
173.30,-0.92
173.40,-0.92
173.50,-0.93
173.60,-0.93
173.70,-0.94
173.80,-0.94
173.90,-0.94
174.00,-0.94
174.10,-0.94
174.20,-0.94
174.30,-0.94
174.40,-0.94
174.50,-0.95
174.60,-0.95
174.70,-0.95
174.80,-0.95
174.90,-0.95
175.00,-0.95
175.10,-0.95
175.20,-0.95
175.30,-0.95
175.40,-0.95
175.50,-0.96
175.60,-0.96
175.70,-0.96
175.80,-0.96
175.90,-0.96
176.00,-0.96
176.10,-0.96
176.20,-0.96
176.30,-0.96
176.40,-0.96
176.50,-0.96
176.60,-0.96
176.70,-0.96
176.80,-0.96
176.90,-0.96
177.00,-0.96
177.10,-0.96
177.20,-0.96
177.30,-0.96
177.40,-0.96
177.50,-0.96
177.60,-0.96
177.70,-0.96
177.80,-0.96
177.90,-0.96
178.00,-0.96
178.10,-0.97
178.20,-0.97
178.30,-0.97
178.40,-0.97
178.50,-0.97
178.60,-0.98
178.70,-0.98
178.80,-0.98
178.90,-0.98
179.00,-0.98
179.10,-0.98
179.20,-0.98
179.30,-0.98
179.40,-0.98
179.50,-0.98
179.60,-0.98
179.70,-0.98
179.80,-0.98
179.90,-0.98
180.00,-0.98
180.10,-0.98
180.20,-0.98
180.30,-0.98
180.40,-0.98
180.50,-0.98
180.60,-0.98
180.70,-0.98
180.80,-0.98
180.90,-0.98
181.00,-0.98
181.10,-0.98
181.20,-0.99
181.30,-0.99
181.40,-0.99
181.50,-0.99
181.60,-0.99
181.70,-0.99
181.80,-0.99
181.90,-1.00
182.00,-1.00
182.10,-1.00
182.20,-1.00
182.30,-1.00
182.40,-1.01
182.50,-1.01
182.60,-1.01
182.70,-1.01
182.80,-1.01
182.90,-1.01
183.00,-1.01
183.10,-1.01
183.20,-1.01
183.30,-1.02
183.40,-1.02
183.50,-1.02
183.60,-1.02
183.70,-1.02
183.80,-1.02
183.90,-1.02
184.00,-1.02
184.10,-1.02
184.20,-1.02
184.30,-1.03
184.40,-1.03
184.50,-1.03
184.60,-1.03
184.70,-1.03
184.80,-1.03
184.90,-1.03
185.00,-1.03
185.10,-1.03
185.20,-1.04
185.30,-1.04
185.40,-1.04
185.50,-1.04
185.60,-1.04
185.70,-1.04
185.80,-1.04
185.90,-1.04
186.00,-1.04
186.10,-1.04
186.20,-1.04
186.30,-1.04
186.40,-1.04
186.50,-1.04
186.60,-1.04
186.70,-1.05
186.80,-1.05
186.90,-1.05
187.00,-1.05
187.10,-1.05
187.20,-1.05
187.30,-1.05
187.40,-1.06
187.50,-1.06
187.60,-1.06
187.70,-1.06
187.80,-1.06
187.90,-1.06
188.00,-1.06
188.10,-1.06
188.20,-1.06
188.30,-1.06
188.40,-1.06
188.50,-1.06
188.60,-1.06
188.70,-1.06
188.80,-1.06
188.90,-1.06
189.00,-1.06
189.10,-1.06
189.20,-1.06
189.30,-1.06
189.40,-1.06
189.50,-1.06
189.60,-1.06
189.70,-1.06
189.80,-1.06
189.90,-1.06
190.00,-1.06
190.10,-1.07
190.20,-1.07
190.30,-1.07
190.40,-1.07
190.50,-1.07
190.60,-1.07
190.70,-1.07
190.80,-1.08
190.90,-1.08
191.00,-1.08
191.10,-1.08
191.20,-1.08
191.30,-1.08
191.40,-1.08
191.50,-1.08
191.60,-1.08
191.70,-1.08
191.80,-1.08
191.90,-1.08
192.00,-1.09
192.10,-1.09
192.20,-1.09
192.30,-1.09
192.40,-1.09
192.50,-1.09
192.60,-1.08
192.70,-1.09
192.80,-1.09
192.90,-1.09
193.00,-1.09
193.10,-1.09
193.20,-1.09
193.30,-1.09
193.40,-1.09
193.50,-1.09
193.60,-1.10
193.70,-1.10
193.80,-1.10
193.90,-1.10
194.00,-1.10
194.10,-1.10
194.20,-1.10
194.30,-1.10
194.40,-1.10
194.50,-1.10
194.60,-1.10
194.70,-1.10
194.80,-1.10
194.90,-1.10
195.00,-1.10
195.10,-1.10
195.20,-1.10
195.30,-1.10
195.40,-1.10
195.50,-1.10
195.60,-1.10
195.70,-1.10
195.80,-1.10
195.90,-1.10
196.00,-1.10
196.10,-1.10
196.20,-1.10
196.30,-1.10
196.40,-1.10
196.50,-1.11
196.60,-1.11
196.70,-1.11
196.80,-1.11
196.90,-1.11
197.00,-1.12
197.10,-1.12
197.20,-1.12
197.30,-1.12
197.40,-1.12
197.50,-1.12
197.60,-1.12
197.70,-1.12
197.80,-1.12
197.90,-1.12
198.00,-1.12
198.10,-1.13
198.20,-1.13
198.30,-1.13
198.40,-1.13
198.50,-1.13
198.60,-1.13
198.70,-1.13
198.80,-1.13
198.90,-1.13
199.00,-1.13
199.10,-1.13
199.20,-1.13
199.30,-1.13
199.40,-1.13
199.50,-1.14
199.60,-1.14
199.70,-1.14
199.80,-1.14
199.90,-1.14
200.00,-1.14
200.10,-1.14
200.20,-1.14
200.30,-1.14
200.40,-1.15
200.50,-1.15
200.60,-1.15
200.70,-1.15
200.80,-1.15
200.90,-1.15
201.00,-1.15
201.10,-1.15
201.20,-1.15
201.30,-1.16
201.40,-1.16
201.50,-1.16
201.60,-1.16
201.70,-1.16
201.80,-1.16
201.90,-1.16
202.00,-1.16
202.10,-1.17
202.20,-1.17
202.30,-1.17
202.40,-1.17
202.50,-1.17
202.60,-1.17
202.70,-1.17
202.80,-1.18
202.90,-1.18
203.00,-1.18
203.10,-1.18
203.20,-1.18
203.30,-1.18
203.40,-1.18
203.50,-1.18
203.60,-1.18
203.70,-1.18
203.80,-1.18
203.90,-1.18
204.00,-1.18
204.10,-1.18
204.20,-1.18
204.30,-1.18
204.40,-1.18
204.50,-1.18
204.60,-1.18
204.70,-1.18
204.80,-1.18
204.90,-1.18
205.00,-1.19
205.10,-1.19
205.20,-1.19
205.30,-1.19
205.40,-1.19
205.50,-1.19
205.60,-1.19
205.70,-1.20
205.80,-1.20
205.90,-1.20
206.00,-1.20
206.10,-1.20
206.20,-1.20
206.30,-1.20
206.40,-1.20
206.50,-1.21
206.60,-1.21
206.70,-1.22
206.80,-1.22
206.90,-1.22
207.00,-1.23
207.10,-1.23
207.20,-1.23
207.30,-1.23
207.40,-1.23
207.50,-1.23
207.60,-1.24
207.70,-1.24
207.80,-1.24
207.90,-1.24
208.00,-1.25
208.10,-1.25
208.20,-1.25
208.30,-1.25
208.40,-1.25
208.50,-1.25
208.60,-1.25
208.70,-1.25
208.80,-1.25
208.90,-1.25
209.00,-1.26
209.10,-1.26
209.20,-1.26
209.30,-1.26
209.40,-1.26
209.50,-1.26
209.60,-1.26
209.70,-1.26
209.80,-1.26
209.90,-1.27
210.00,-1.27
210.10,-1.27
210.20,-1.27
210.30,-1.27
210.40,-1.27
210.50,-1.27
210.60,-1.28
210.70,-1.28
210.80,-1.28
210.90,-1.28
211.00,-1.28
211.10,-1.28
211.20,-1.29
211.30,-1.29
211.40,-1.29
211.50,-1.29
211.60,-1.29
211.70,-1.30
211.80,-1.30
211.90,-1.30
212.00,-1.30
212.10,-1.30
212.20,-1.31
212.30,-1.31
212.40,-1.31
212.50,-1.31
212.60,-1.31
212.70,-1.31
212.80,-1.31
212.90,-1.31
213.00,-1.31
213.10,-1.32
213.20,-1.32
213.30,-1.32
213.40,-1.32
213.50,-1.33
213.60,-1.33
213.70,-1.33
213.80,-1.33
213.90,-1.34
214.00,-1.34
214.10,-1.34
214.20,-1.34
214.30,-1.35
214.40,-1.35
214.50,-1.36
214.60,-1.36
214.70,-1.36
214.80,-1.36
214.90,-1.36
215.00,-1.36
215.10,-1.36
215.20,-1.36
215.30,-1.36
215.40,-1.37
215.50,-1.37
215.60,-1.37
215.70,-1.37
215.80,-1.37
215.90,-1.37
216.00,-1.37
216.10,-1.38
216.20,-1.38
216.30,-1.38
216.40,-1.38
216.50,-1.38
216.60,-1.38
216.70,-1.38
216.80,-1.38
216.90,-1.38
217.00,-1.38
217.10,-1.38
217.20,-1.38
217.30,-1.38
217.40,-1.38
217.50,-1.38
217.60,-1.38
217.70,-1.38
217.80,-1.38
217.90,-1.38
218.00,-1.38
218.10,-1.39
218.20,-1.39
218.30,-1.39
218.40,-1.39
218.50,-1.39
218.60,-1.39
218.70,-1.39
218.80,-1.39
218.90,-1.40
219.00,-1.40
219.10,-1.40
219.20,-1.40
219.30,-1.40
219.40,-1.40
219.50,-1.40
219.60,-1.40
219.70,-1.41
219.80,-1.41
219.90,-1.41
220.00,-1.41
220.10,-1.42
220.20,-1.42
220.30,-1.42
220.40,-1.42
220.50,-1.43
220.60,-1.43
220.70,-1.43
220.80,-1.43
220.90,-1.43
221.00,-1.44
221.10,-1.44
221.20,-1.44
221.30,-1.44
221.40,-1.44
221.50,-1.44
221.60,-1.44
221.70,-1.44
221.80,-1.44
221.90,-1.45
222.00,-1.45
222.10,-1.45
222.20,-1.45
222.30,-1.45
222.40,-1.45
222.50,-1.45
222.60,-1.46
222.70,-1.46
222.80,-1.45
222.90,-1.45
223.00,-1.45
223.10,-1.46
223.20,-1.46
223.30,-1.46
223.40,-1.46
223.50,-1.46
223.60,-1.45
223.70,-1.45
223.80,-1.46
223.90,-1.46
224.00,-1.46
224.10,-1.46
224.20,-1.45
224.30,-1.45
224.40,-1.45
224.50,-1.45
224.60,-1.46
224.70,-1.46
224.80,-1.46
224.90,-1.46
225.00,-1.46
225.10,-1.46
225.20,-1.46
225.30,-1.46
225.40,-1.47
225.50,-1.47
225.60,-1.47
225.70,-1.47
225.80,-1.47
225.90,-1.47
226.00,-1.48
226.10,-1.48
226.20,-1.48
226.30,-1.48
226.40,-1.48
226.50,-1.48
226.60,-1.48
226.70,-1.49
226.80,-1.49
226.90,-1.49
227.00,-1.49
227.10,-1.49
227.20,-1.49
227.30,-1.49
227.40,-1.49
227.50,-1.49
227.60,-1.49
227.70,-1.49
227.80,-1.49
227.90,-1.49
228.00,-1.49
228.10,-1.49
228.20,-1.49
228.30,-1.49
228.40,-1.49
228.50,-1.49
228.60,-1.49
228.70,-1.50
228.80,-1.50
228.90,-1.50
229.00,-1.50
229.10,-1.50
229.20,-1.51
229.30,-1.51
229.40,-1.51
229.50,-1.51
229.60,-1.51
229.70,-1.52
229.80,-1.52
229.90,-1.52
230.00,-1.52
230.10,-1.52
230.20,-1.52
230.30,-1.52
230.40,-1.52
230.50,-1.52
230.60,-1.53
230.70,-1.53
230.80,-1.53
230.90,-1.53
231.00,-1.53
231.10,-1.53
231.20,-1.54
231.30,-1.54
231.40,-1.54
231.50,-1.54
231.60,-1.54
231.70,-1.54
231.80,-1.54
231.90,-1.55
232.00,-1.55
232.10,-1.55
232.20,-1.56
232.30,-1.56
232.40,-1.57
232.50,-1.57
232.61,-1.57
232.71,-1.57
232.81,-1.58
232.91,-1.58
233.01,-1.59
233.11,-1.59
233.21,-1.60
233.31,-1.60
233.41,-1.60
233.51,-1.61
233.61,-1.61
233.71,-1.62
233.81,-1.62
233.91,-1.62
234.01,-1.63
234.11,-1.63
234.21,-1.64
234.31,-1.64
234.41,-1.64
234.51,-1.65
234.61,-1.65
234.71,-1.65
234.81,-1.66
234.91,-1.66
235.01,-1.66
235.11,-1.67
235.21,-1.67
235.31,-1.68
235.41,-1.68
235.51,-1.68
235.61,-1.69
235.71,-1.69
235.81,-1.69
235.91,-1.70
236.01,-1.70
236.11,-1.71
236.21,-1.71
236.31,-1.71
236.41,-1.72
236.51,-1.72
236.61,-1.72
236.71,-1.72
236.81,-1.73
236.91,-1.73
237.01,-1.73
237.11,-1.73
237.21,-1.74
237.31,-1.74
237.41,-1.74
237.51,-1.75
237.61,-1.75
237.71,-1.75
237.81,-1.76
237.91,-1.76
238.01,-1.76
238.11,-1.77
238.21,-1.77
238.31,-1.77
238.41,-1.78
238.51,-1.78
238.61,-1.79
238.71,-1.79
238.81,-1.80
238.91,-1.80
239.01,-1.80
239.11,-1.81
239.21,-1.81
239.31,-1.82
239.41,-1.82
239.51,-1.83
239.61,-1.83
239.71,-1.84
239.81,-1.84
239.91,-1.84
240.01,-1.85
240.11,-1.85
240.21,-1.86
240.31,-1.86
240.41,-1.87
240.51,-1.87
240.61,-1.88
240.71,-1.88
240.81,-1.89
240.91,-1.89
241.01,-1.90
241.11,-1.90
241.21,-1.90
241.31,-1.91
241.41,-1.91
241.51,-1.92
241.61,-1.92
241.71,-1.93
241.81,-1.93
241.91,-1.94
242.01,-1.94
242.11,-1.95
242.21,-1.95
242.31,-1.96
242.41,-1.96
242.51,-1.97
242.61,-1.97
242.71,-1.97
242.81,-1.98
242.91,-1.98
243.01,-1.98
243.11,-1.98
243.21,-1.99
243.31,-1.99
243.41,-1.99
243.51,-2.00
243.61,-2.00
243.71,-2.00
243.81,-2.00
243.91,-2.01
244.01,-2.01
244.11,-2.01
244.21,-2.01
244.31,-2.02
244.41,-2.02
244.51,-2.02
244.61,-2.03
244.71,-2.03
244.81,-2.04
244.91,-2.04
245.01,-2.05
245.11,-2.05
245.21,-2.06
245.31,-2.07
245.41,-2.08
245.51,-2.08
245.61,-2.09
245.71,-2.10
245.81,-2.10
245.91,-2.11
246.01,-2.11
246.11,-2.12
246.21,-2.13
246.31,-2.13
246.41,-2.14
246.51,-2.15
246.61,-2.15
246.71,-2.16
246.81,-2.17
246.91,-2.18
247.01,-2.18
247.11,-2.19
247.21,-2.19
247.31,-2.20
247.41,-2.21
247.51,-2.22
247.61,-2.23
247.71,-2.24
247.81,-2.25
247.91,-2.26
248.01,-2.27
248.11,-2.28
248.21,-2.29
248.31,-2.30
248.41,-2.31
248.51,-2.32
248.61,-2.34
248.71,-2.35
248.81,-2.37
248.91,-2.39
249.01,-2.40
249.11,-2.42
249.21,-2.44
249.31,-2.45
249.41,-2.47
249.51,-2.49
249.61,-2.52
249.71,-2.54
249.81,-2.56
249.91,-2.59
250.01,-2.61
250.11,-2.64
250.21,-2.66
250.31,-2.69
250.41,-2.71
250.51,-2.74
250.61,-2.77
250.71,-2.80
250.81,-2.82
250.91,-2.85
251.01,-2.88
251.11,-2.91
251.21,-2.94
251.31,-2.96
251.41,-2.98
251.51,-3.00
251.61,-3.02
251.71,-3.04
251.81,-3.06
251.91,-3.07
252.01,-3.09
252.11,-3.10
252.21,-3.11
252.31,-3.13
252.41,-3.14
252.51,-3.15
252.61,-3.16
252.71,-3.17
252.81,-3.18
252.91,-3.19
253.01,-3.20
253.11,-3.21
253.21,-3.22
253.31,-3.23
253.41,-3.24
253.51,-3.25
253.61,-3.25
253.71,-3.26
253.81,-3.27
253.91,-3.27
254.01,-3.28
254.11,-3.28
254.21,-3.29
254.31,-3.29
254.41,-3.29
254.51,-3.29
254.61,-3.30
254.71,-3.30
254.81,-3.30
254.91,-3.30
255.01,-3.30
255.11,-3.30
255.21,-3.30
255.31,-3.30
255.41,-3.30
255.51,-3.30
255.61,-3.30
255.71,-3.30
255.81,-3.30
255.91,-3.30
256.01,-3.30
256.11,-3.30
256.21,-3.30
256.31,-3.30
256.41,-3.30
256.51,-3.30
256.61,-3.31
256.71,-3.31
256.81,-3.31
256.91,-3.31
257.01,-3.32
257.11,-3.32
257.21,-3.32
257.31,-3.33
257.41,-3.33
257.51,-3.33
257.61,-3.33
257.71,-3.34
257.81,-3.34
257.91,-3.34
258.01,-3.34
258.11,-3.35
258.21,-3.35
258.31,-3.35
258.41,-3.35
258.51,-3.35
258.61,-3.35
258.71,-3.36
258.81,-3.36
258.91,-3.36
259.01,-3.36
259.11,-3.36
259.21,-3.36
259.31,-3.36
259.41,-3.36
259.51,-3.36
259.61,-3.36
259.71,-3.36
259.81,-3.36
259.91,-3.36
260.01,-3.36
260.11,-3.36
260.21,-3.37
260.31,-3.37
260.41,-3.37
260.51,-3.38
260.61,-3.38
260.71,-3.38
260.81,-3.39
260.91,-3.39
261.01,-3.40
261.11,-3.40
261.21,-3.40
261.31,-3.41
261.41,-3.41
261.51,-3.41
261.61,-3.42
261.71,-3.42
261.81,-3.42
261.91,-3.42
262.01,-3.43
262.11,-3.43
262.21,-3.43
262.31,-3.43
262.41,-3.44
262.51,-3.44
262.61,-3.44
262.71,-3.44
262.81,-3.45
262.91,-3.45
263.01,-3.46
263.11,-3.46
263.21,-3.46
263.31,-3.47
263.41,-3.47
263.51,-3.47
263.61,-3.48
263.71,-3.48
263.81,-3.48
263.91,-3.49
264.01,-3.49
264.11,-3.50
264.21,-3.50
264.31,-3.50
264.41,-3.51
264.51,-3.51
264.61,-3.51
264.71,-3.51
264.81,-3.51
264.91,-3.51
265.01,-3.52
265.11,-3.52
265.21,-3.52
265.31,-3.52
265.41,-3.52
265.51,-3.52
265.61,-3.52
265.71,-3.52
265.81,-3.52
265.91,-3.52
266.01,-3.52
266.11,-3.53
266.21,-3.53
266.31,-3.53
266.41,-3.53
266.51,-3.53
266.61,-3.53
266.71,-3.54
266.81,-3.54
266.91,-3.54
267.01,-3.54
267.11,-3.54
267.21,-3.54
267.31,-3.54
267.41,-3.55
267.51,-3.55
267.61,-3.55
267.71,-3.55
267.81,-3.55
267.91,-3.55
268.01,-3.55
268.11,-3.55
268.21,-3.56
268.31,-3.56
268.41,-3.56
268.51,-3.56
268.61,-3.56
268.71,-3.56
268.81,-3.57
268.91,-3.57
269.01,-3.57
269.11,-3.57
269.21,-3.58
269.31,-3.58
269.41,-3.58
269.51,-3.58
269.61,-3.59
269.71,-3.59
269.81,-3.59
269.91,-3.59
270.01,-3.59
270.11,-3.59
270.21,-3.59
270.31,-3.60
270.41,-3.60
270.51,-3.60
270.61,-3.60
270.71,-3.60
270.81,-3.60
270.91,-3.60
271.01,-3.60
271.11,-3.60
271.21,-3.60
271.31,-3.60
271.41,-3.61
271.51,-3.61
271.61,-3.61
271.71,-3.61
271.81,-3.61
271.91,-3.62
272.01,-3.62
272.11,-3.62
272.21,-3.62
272.31,-3.62
272.41,-3.62
272.51,-3.62
272.61,-3.62
272.71,-3.62
272.81,-3.62
272.91,-3.63
273.01,-3.63
273.11,-3.63
273.21,-3.63
273.31,-3.63
273.41,-3.63
273.51,-3.63
273.61,-3.63
273.71,-3.63
273.81,-3.63
273.91,-3.63
274.01,-3.63
274.11,-3.63
274.21,-3.63
274.31,-3.63
274.41,-3.63
274.51,-3.63
274.61,-3.63
274.71,-3.63
274.81,-3.63
274.91,-3.63
275.01,-3.64
275.11,-3.64
275.21,-3.64
275.31,-3.64
275.41,-3.64
275.51,-3.64
275.61,-3.64
275.71,-3.64
275.81,-3.64
275.91,-3.64
276.01,-3.63
276.11,-3.64
276.21,-3.64
276.31,-3.64
276.41,-3.64
276.51,-3.64
276.61,-3.63
276.71,-3.63
276.81,-3.64
276.91,-3.64
277.01,-3.64
277.11,-3.64
277.21,-3.64
277.31,-3.64
277.41,-3.64
277.51,-3.65
277.61,-3.65
277.71,-3.65
277.81,-3.65
277.91,-3.65
278.01,-3.65
278.11,-3.65
278.21,-3.65
278.31,-3.66
278.41,-3.66
278.51,-3.66
278.61,-3.66
278.71,-3.66
278.81,-3.66
278.91,-3.66
279.01,-3.67
279.11,-3.67
279.21,-3.67
279.31,-3.67
279.41,-3.67
279.51,-3.67
279.61,-3.68
279.71,-3.68
279.81,-3.68
279.91,-3.68
280.01,-3.68
280.11,-3.68
280.21,-3.68
280.31,-3.68
280.41,-3.69
280.51,-3.69
280.61,-3.69
280.71,-3.69
280.81,-3.69
280.91,-3.69
281.01,-3.70
281.11,-3.70
281.21,-3.70
281.31,-3.70
281.41,-3.70
281.51,-3.70
281.61,-3.70
281.71,-3.70
281.81,-3.70
281.91,-3.70
282.01,-3.70
282.11,-3.70
282.21,-3.71
282.31,-3.71
282.41,-3.71
282.51,-3.71
282.61,-3.71
282.71,-3.71
282.81,-3.71
282.91,-3.71
283.01,-3.71
283.11,-3.71
283.21,-3.71
283.31,-3.71
283.41,-3.71
283.51,-3.72
283.61,-3.72
283.71,-3.72
283.81,-3.71
283.91,-3.71
284.01,-3.71
284.11,-3.71
284.21,-3.71
284.31,-3.71
284.41,-3.71
284.51,-3.71
284.61,-3.71
284.71,-3.71
284.81,-3.70
284.91,-3.70
285.01,-3.70
285.11,-3.70
285.21,-3.70
285.31,-3.70
285.41,-3.70
285.51,-3.70
285.61,-3.70
285.71,-3.70
285.81,-3.70
285.91,-3.70
286.01,-3.70
286.11,-3.70
286.21,-3.70
286.31,-3.70
286.41,-3.70
286.51,-3.70
286.61,-3.70
286.71,-3.70
286.81,-3.70
286.91,-3.70
287.01,-3.70
287.11,-3.70
287.21,-3.70
287.31,-3.70
287.41,-3.70
287.51,-3.70
287.61,-3.70
287.71,-3.70
287.81,-3.70
287.91,-3.70
288.01,-3.70
288.11,-3.70
288.21,-3.69
288.31,-3.69
288.41,-3.69
288.51,-3.69
288.61,-3.69
288.71,-3.69
288.81,-3.69
288.91,-3.69
289.01,-3.69
289.11,-3.69
289.21,-3.69
289.31,-3.69
289.41,-3.69
289.51,-3.69
289.61,-3.69
289.71,-3.70
289.81,-3.70
289.91,-3.70
290.01,-3.70
290.11,-3.70
290.21,-3.71
290.31,-3.71
290.41,-3.71
290.51,-3.71
290.61,-3.71
290.71,-3.72
290.81,-3.72
290.91,-3.72
291.01,-3.72
291.11,-3.72
291.21,-3.72
291.31,-3.72
291.41,-3.72
291.51,-3.72
291.61,-3.72
291.71,-3.72
291.81,-3.71
291.91,-3.71
292.01,-3.71
292.11,-3.71
292.21,-3.70
292.31,-3.70
292.41,-3.70
292.51,-3.70
292.61,-3.70
292.71,-3.70
292.81,-3.70
292.91,-3.70
293.01,-3.71
293.11,-3.71
293.21,-3.71
293.31,-3.71
293.41,-3.71
293.51,-3.72
293.61,-3.72
293.71,-3.72
293.81,-3.72
293.91,-3.73
294.01,-3.73
294.11,-3.73
294.21,-3.73
294.31,-3.73
294.41,-3.73
294.51,-3.73
294.61,-3.73
294.71,-3.73
294.81,-3.73
294.91,-3.73
295.01,-3.73
295.11,-3.73
295.21,-3.72
295.31,-3.72
295.41,-3.72
295.51,-3.72
295.61,-3.72
295.71,-3.71
295.81,-3.71
295.91,-3.71
296.01,-3.71
296.11,-3.71
296.21,-3.70
296.31,-3.70
296.41,-3.70
296.51,-3.70
296.61,-3.70
296.71,-3.70
296.81,-3.70
296.91,-3.70
297.01,-3.70
297.11,-3.70
297.21,-3.70
297.31,-3.71
297.41,-3.71
297.51,-3.71
297.61,-3.71
297.71,-3.72
297.81,-3.72
297.91,-3.72
298.01,-3.72
298.11,-3.72
298.21,-3.72
298.31,-3.72
298.41,-3.73
298.51,-3.73
298.61,-3.73
298.71,-3.73
298.81,-3.73
298.91,-3.73
299.01,-3.74
299.11,-3.74
299.21,-3.74
299.31,-3.74
299.41,-3.75
299.51,-3.75
299.61,-3.75
299.71,-3.76
299.81,-3.76
299.91,-3.76
