0.0,5.06
0.1,5.06
0.3,5.07
0.4,5.07
0.6,5.08
0.7,5.08
0.9,5.09
1.0,5.09
1.2,5.10
1.3,5.10
1.5,5.11
1.6,5.12
1.8,5.12
1.9,5.12
2.1,5.12
2.2,5.12
2.3,5.13
2.5,5.13
2.6,5.12
2.8,5.12
2.9,5.11
3.1,5.10
3.2,5.10
3.4,5.09
3.5,5.08
3.7,5.08
3.8,5.07
4.0,5.06
4.1,5.05
4.3,5.04
4.4,5.03
4.6,5.03
4.7,5.02
4.8,5.01
5.0,5.01
5.1,5.01
5.3,5.01
5.4,5.01
5.6,5.01
5.7,5.01
5.9,5.01
6.0,5.01
6.2,5.01
6.3,5.01
6.5,5.01
6.6,5.01
6.8,5.02
6.9,5.02
7.0,5.02
7.2,5.03
7.3,5.03
7.5,5.03
7.6,5.03
7.8,5.03
7.9,5.03
8.1,5.03
8.2,5.03
8.4,5.03
8.5,5.03
8.7,5.03
8.8,5.03
9.0,5.03
9.1,5.04
9.2,5.04
9.4,5.03
9.5,5.03
9.7,5.03
9.8,5.04
10.0,5.04
10.1,5.04
10.3,5.04
10.4,5.04
10.6,5.04
10.7,5.04
10.9,5.04
11.0,5.05
11.2,5.05
11.3,5.05
11.5,5.05
11.6,5.06
11.8,5.06
11.9,5.06
12.1,5.07
12.2,5.07
12.4,5.07
12.5,5.07
12.6,5.07
12.8,5.07
12.9,5.07
13.1,5.07
13.2,5.07
13.4,5.07
13.5,5.07
13.7,5.07
13.8,5.07
14.0,5.07
14.1,5.07
14.3,5.07
14.4,5.07
14.6,5.07
14.7,5.07
14.9,5.07
15.0,5.07
15.2,5.07
15.3,5.06
15.5,5.07
15.6,5.07
15.8,5.07
15.9,5.07
16.1,5.07
16.2,5.06
16.4,5.06
16.5,5.06
16.7,5.06
16.8,5.06
17.0,5.06
17.1,5.06
17.2,5.06
17.4,5.06
17.5,5.06
17.7,5.06
17.8,5.06
18.0,5.07
18.1,5.06
18.3,5.06
18.4,5.07
18.6,5.07
18.7,5.07
18.9,5.07
19.0,5.08
19.2,5.08
19.3,5.08
19.5,5.08
19.6,5.08
19.8,5.08
19.9,5.08
20.1,5.08
20.2,5.08
20.4,5.08
20.5,5.08
20.7,5.08
20.8,5.08
21.0,5.09
21.1,5.09
21.3,5.09
21.4,5.09
21.6,5.09
21.7,5.09
21.8,5.09
22.0,5.09
22.1,5.09
22.3,5.09
22.4,5.10
22.6,5.10
22.7,5.10
22.9,5.10
23.0,5.09
23.2,5.09
23.3,5.09
23.5,5.10
23.6,5.09
23.8,5.09
23.9,5.09
24.1,5.09
24.2,5.09
24.4,5.09
24.5,5.09
24.7,5.09
24.8,5.09
25.0,5.09
25.1,5.09
25.3,5.09
25.4,5.09
25.6,5.09
25.7,5.09
25.9,5.09
26.0,5.09
26.1,5.09
26.3,5.09
26.4,5.09
26.6,5.09
26.7,5.09
26.9,5.09
27.0,5.09
27.2,5.09
27.3,5.09
27.5,5.09
27.6,5.08
27.8,5.08
27.9,5.08
28.1,5.08
28.2,5.08
28.4,5.08
28.5,5.07
28.7,5.07
28.8,5.07
29.0,5.07
29.1,5.06
29.3,5.06
29.4,5.06
29.6,5.06
29.7,5.06
29.9,5.06
30.0,5.06
30.2,5.06
30.3,5.06
30.5,5.06
30.6,5.06
30.7,5.06
30.9,5.06
31.0,5.06
31.2,5.06
31.3,5.06
31.5,5.06
31.6,5.06
31.8,5.06
31.9,5.06
32.1,5.06
32.2,5.06
32.4,5.06
32.5,5.07
32.7,5.07
32.8,5.07
33.0,5.07
33.1,5.07
33.3,5.07
33.4,5.08
33.6,5.08
33.7,5.08
33.9,5.08
34.0,5.09
34.2,5.09
34.3,5.10
34.5,5.10
34.6,5.11
34.8,5.11
34.9,5.11
35.0,5.11
35.2,5.11
35.3,5.10
35.5,5.11
35.6,5.11
35.8,5.11
35.9,5.10
36.1,5.10
36.2,5.10
36.4,5.10
36.5,5.10
36.7,5.10
36.8,5.09
37.0,5.09
37.1,5.09
37.3,5.09
37.4,5.09
37.6,5.08
37.7,5.08
37.9,5.08
38.0,5.08
38.2,5.08
38.3,5.09
38.5,5.09
38.6,5.09
38.8,5.09
38.9,5.09
39.1,5.09
39.2,5.09
39.4,5.09
39.5,5.09
39.6,5.09
39.8,5.09
39.9,5.10
40.1,5.10
40.2,5.10
40.4,5.10
40.5,5.11
40.7,5.11
40.8,5.11
41.0,5.11
41.1,5.12
41.3,5.12
41.4,5.13
41.6,5.14
41.7,5.14
41.9,5.14
42.0,5.14
42.2,5.14
42.3,5.15
42.5,5.15
42.6,5.15
42.8,5.15
42.9,5.15
43.1,5.15
43.2,5.15
43.4,5.14
43.5,5.14
43.7,5.13
43.8,5.13
44.0,5.13
44.1,5.12
44.2,5.12
44.4,5.12
44.5,5.12
44.7,5.12
44.8,5.12
45.0,5.12
45.1,5.11
45.3,5.11
45.4,5.11
45.6,5.11
45.7,5.11
45.9,5.11
46.0,5.11
46.2,5.11
46.3,5.11
46.5,5.12
46.6,5.12
46.8,5.12
46.9,5.12
47.1,5.12
47.2,5.11
47.4,5.11
47.5,5.11
47.7,5.11
47.8,5.11
48.0,5.11
48.1,5.11
48.3,5.11
48.4,5.11
48.5,5.11
48.7,5.11
48.8,5.11
49.0,5.11
49.1,5.11
49.3,5.11
49.4,5.11
49.6,5.11
49.7,5.11
49.9,5.11
50.0,5.11
50.2,5.11
50.3,5.11
50.5,5.11
50.6,5.11
50.8,5.11
50.9,5.11
51.1,5.11
51.2,5.11
51.4,5.11
51.5,5.10
51.7,5.10
51.8,5.10
52.0,5.10
52.1,5.11
52.3,5.11
52.4,5.11
52.6,5.11
52.7,5.11
52.9,5.11
53.0,5.12
53.1,5.12
53.3,5.12
53.4,5.12
53.6,5.12
53.7,5.13
53.9,5.13
54.0,5.13
54.2,5.14
54.3,5.14
54.5,5.13
54.6,5.13
54.8,5.13
54.9,5.13
55.1,5.13
55.2,5.13
55.4,5.13
55.5,5.13
55.7,5.13
55.8,5.13
56.0,5.12
56.1,5.12
56.3,5.12
56.4,5.12
56.6,5.12
56.7,5.12
56.9,5.12
57.0,5.12
57.2,5.13
57.3,5.13
57.5,5.13
57.6,5.13
57.7,5.12
57.9,5.12
58.0,5.12
58.2,5.12
58.3,5.12
58.5,5.13
58.6,5.13
58.8,5.13
58.9,5.13
59.1,5.13
59.2,5.13
59.4,5.13
59.5,5.12
59.7,5.12
59.8,5.12
60.0,5.12
60.1,5.12
60.3,5.12
60.4,5.12
60.6,5.12
60.7,5.12
60.9,5.11
61.0,5.11
61.2,5.11
61.3,5.11
61.5,5.11
61.6,5.11
61.8,5.11
61.9,5.11
62.0,5.12
62.2,5.12
62.3,5.12
62.5,5.12
62.6,5.12
62.8,5.13
62.9,5.13
63.1,5.13
63.2,5.13
63.4,5.13
63.5,5.14
63.7,5.14
63.8,5.14
64.0,5.14
64.1,5.14
64.3,5.14
64.4,5.14
64.6,5.14
64.7,5.14
64.9,5.14
65.0,5.14
65.2,5.13
65.3,5.13
65.5,5.13
65.6,5.13
65.8,5.13
65.9,5.13
66.1,5.13
66.2,5.13
66.4,5.12
66.5,5.12
66.6,5.12
66.8,5.11
66.9,5.11
67.1,5.11
67.2,5.11
67.4,5.10
67.5,5.10
67.7,5.11
67.8,5.11
68.0,5.11
68.1,5.11
68.3,5.12
68.4,5.12
68.6,5.12
68.7,5.12
68.9,5.13
69.0,5.13
69.2,5.13
69.3,5.14
69.5,5.14
69.6,5.15
69.8,5.15
69.9,5.15
70.1,5.15
70.2,5.15
70.4,5.16
70.5,5.16
70.7,5.16
70.8,5.16
71.0,5.16
71.1,5.16
71.2,5.17
71.4,5.17
71.5,5.17
71.7,5.17
71.8,5.17
72.0,5.17
72.1,5.17
72.3,5.16
72.4,5.17
72.6,5.16
72.7,5.16
72.9,5.16
73.0,5.15
73.2,5.15
73.3,5.15
73.5,5.14
73.6,5.14
73.8,5.14
73.9,5.13
74.1,5.13
74.2,5.13
74.4,5.13
74.5,5.13
74.7,5.13
74.8,5.12
75.0,5.13
75.1,5.12
75.3,5.12
75.4,5.12
75.6,5.12
75.7,5.13
75.8,5.13
76.0,5.13
76.1,5.13
76.3,5.13
76.4,5.13
76.6,5.13
76.7,5.12
76.9,5.12
77.0,5.12
77.2,5.12
77.3,5.12
77.5,5.12
77.6,5.12
77.8,5.12
77.9,5.12
78.1,5.12
78.2,5.12
78.4,5.11
78.5,5.11
78.7,5.11
78.8,5.11
79.0,5.11
79.1,5.11
79.3,5.11
79.4,5.11
79.6,5.11
79.7,5.11
79.9,5.11
80.0,5.11
80.1,5.11
80.3,5.11
80.4,5.11
80.6,5.10
80.7,5.10
80.9,5.10
81.0,5.10
81.2,5.10
81.3,5.09
81.5,5.09
81.6,5.09
81.8,5.09
81.9,5.08
82.1,5.08
82.2,5.08
82.4,5.08
82.5,5.08
82.7,5.07
82.8,5.07
83.0,5.07
83.1,5.07
83.3,5.07
83.4,5.07
83.6,5.07
83.7,5.07
83.9,5.07
84.0,5.08
84.2,5.08
84.3,5.07
84.5,5.07
84.6,5.08
84.7,5.08
84.9,5.08
85.0,5.08
85.2,5.08
85.3,5.08
85.5,5.08
85.6,5.08
85.8,5.09
85.9,5.09
86.1,5.09
86.2,5.08
86.4,5.08
86.5,5.08
86.7,5.08
86.8,5.08
87.0,5.08
87.1,5.07
87.3,5.07
87.4,5.07
87.6,5.07
87.7,5.07
87.9,5.07
88.0,5.07
88.2,5.06
88.3,5.06
88.5,5.06
88.6,5.06
88.8,5.06
88.9,5.06
89.0,5.06
89.2,5.06
89.3,5.06
89.5,5.06
89.6,5.06
89.8,5.06
89.9,5.07
90.1,5.07
90.2,5.07
90.4,5.07
90.5,5.07
90.7,5.07
90.8,5.07
91.0,5.07
91.1,5.07
91.3,5.07
91.4,5.08
91.6,5.08
91.7,5.07
91.9,5.07
92.0,5.07
92.2,5.08
92.3,5.07
92.5,5.07
92.6,5.07
92.8,5.08
92.9,5.08
93.1,5.08
93.2,5.08
93.4,5.08
93.5,5.08
93.6,5.08
93.8,5.08
93.9,5.08
94.1,5.08
94.2,5.08
94.4,5.08
94.5,5.08
94.7,5.08
94.8,5.08
95.0,5.08
95.1,5.08
95.3,5.08
95.4,5.08
95.6,5.08
95.7,5.08
95.9,5.08
96.0,5.08
96.2,5.07
96.3,5.07
96.5,5.06
96.6,5.06
96.8,5.06
96.9,5.07
97.1,5.07
97.2,5.07
97.4,5.07
97.5,5.08
97.7,5.07
97.8,5.07
98.0,5.07
98.1,5.06
98.2,5.06
98.4,5.06
98.5,5.06
98.7,5.06
98.8,5.06
99.0,5.06
99.1,5.06
99.3,5.06
99.4,5.06
99.6,5.06
99.7,5.06
99.9,5.06
100.0,5.06
100.2,5.06
100.3,5.06
100.5,5.05
100.6,5.05
100.8,5.05
100.9,5.05
101.1,5.05
101.2,5.05
101.4,5.05
101.5,5.05
101.7,5.05
101.8,5.04
102.0,5.05
102.1,5.05
102.3,5.05
102.4,5.04
102.6,5.04
102.7,5.04
102.9,5.04
103.0,5.04
103.2,5.04
103.3,5.04
103.5,5.05
103.6,5.05
103.8,5.06
103.9,5.06
104.1,5.06
104.2,5.06
104.4,5.06
104.5,5.06
104.7,5.07
104.8,5.07
105.0,5.08
105.1,5.08
105.3,5.09
105.4,5.09
105.6,5.10
105.7,5.10
105.9,5.10
106.0,5.10
106.2,5.10
106.3,5.10
106.5,5.10
106.6,5.10
106.8,5.10
106.9,5.10
107.1,5.10
107.2,5.10
107.4,5.10
107.5,5.09
107.7,5.09
107.8,5.08
108.0,5.08
108.1,5.08
108.3,5.08
108.4,5.08
108.6,5.08
108.7,5.08
108.9,5.08
109.0,5.08
109.2,5.08
109.3,5.08
109.5,5.08
109.6,5.08
109.8,5.08
109.9,5.08
110.1,5.08
110.2,5.08
110.4,5.08
110.5,5.08
110.7,5.08
110.8,5.08
111.0,5.08
111.1,5.07
111.3,5.07
111.4,5.07
111.6,5.07
111.7,5.07
111.9,5.08
112.0,5.08
112.2,5.08
112.3,5.08
112.5,5.08
112.6,5.08
112.8,5.08
112.9,5.08
113.1,5.08
113.2,5.08
113.4,5.08
113.5,5.09
113.7,5.09
113.8,5.09
114.0,5.09
114.1,5.09
114.3,5.09
114.4,5.09
114.6,5.09
114.7,5.09
114.9,5.09
115.0,5.09
115.2,5.09
115.3,5.09
115.5,5.09
115.6,5.09
115.8,5.09
115.9,5.09
116.1,5.08
116.2,5.08
116.4,5.07
116.5,5.07
116.7,5.07
116.8,5.07
117.0,5.07
117.1,5.07
117.3,5.07
117.4,5.07
117.6,5.07
117.7,5.07
117.9,5.07
118.0,5.07
118.2,5.07
118.3,5.07
118.5,5.07
118.6,5.07
118.8,5.07
118.9,5.07
119.1,5.07
119.2,5.07
119.4,5.07
119.5,5.07
119.7,5.07
119.8,5.08
120.0,5.08
120.1,5.08
120.3,5.08
120.4,5.08
120.6,5.08
120.7,5.08
120.9,5.09
121.0,5.09
121.2,5.09
121.3,5.09
121.5,5.09
121.6,5.09
121.8,5.09
121.9,5.09
122.1,5.08
122.2,5.09
122.4,5.09
122.5,5.09
122.7,5.09
122.8,5.09
123.0,5.09
123.1,5.09
123.3,5.10
123.4,5.10
123.6,5.10
123.7,5.11
123.9,5.11
124.0,5.11
124.2,5.12
124.3,5.12
124.5,5.13
124.6,5.13
124.8,5.13
124.9,5.13
125.1,5.13
125.2,5.14
125.4,5.14
125.5,5.14
125.7,5.14
125.8,5.14
126.0,5.14
126.1,5.14
126.3,5.14
126.4,5.14
126.6,5.14
126.7,5.14
126.9,5.14
127.0,5.15
127.2,5.15
127.3,5.15
127.5,5.16
127.6,5.16
127.8,5.17
127.9,5.17
128.1,5.17
128.2,5.17
128.4,5.17
128.5,5.17
128.7,5.17
128.8,5.17
129.0,5.16
129.1,5.16
129.3,5.17
129.4,5.17
129.6,5.16
129.7,5.16
129.9,5.15
130.0,5.15
130.2,5.15
130.3,5.15
130.5,5.15
130.6,5.15
130.8,5.15
130.9,5.15
131.1,5.16
131.2,5.16
131.4,5.17
131.5,5.18
131.7,5.18
131.8,5.18
132.0,5.18
132.1,5.18
132.3,5.18
132.4,5.18
132.6,5.18
132.7,5.17
132.9,5.17
133.0,5.17
133.2,5.16
133.3,5.16
133.5,5.16
133.6,5.15
133.8,5.15
133.9,5.14
134.1,5.14
134.2,5.13
134.4,5.13
134.5,5.13
134.7,5.13
134.8,5.13
135.0,5.13
135.1,5.14
135.3,5.14
135.4,5.14
135.6,5.14
135.7,5.14
135.9,5.14
136.0,5.14
136.2,5.14
136.3,5.14
136.5,5.14
136.6,5.15
136.8,5.15
136.9,5.15
137.1,5.15
137.2,5.15
137.4,5.14
137.5,5.14
137.7,5.14
137.8,5.14
138.0,5.14
138.1,5.14
138.3,5.14
138.4,5.14
138.6,5.14
138.7,5.14
138.9,5.14
139.0,5.14
139.2,5.14
139.3,5.14
139.5,5.14
139.6,5.14
139.8,5.14
139.9,5.14
140.1,5.14
140.2,5.15
140.4,5.15
140.5,5.15
140.7,5.15
140.8,5.16
141.0,5.16
141.1,5.16
141.3,5.16
141.4,5.16
141.6,5.17
141.7,5.16
141.9,5.17
142.0,5.17
142.2,5.17
142.3,5.17
142.5,5.17
142.6,5.17
142.8,5.17
142.9,5.18
143.1,5.18
143.2,5.18
143.4,5.18
143.5,5.18
143.7,5.19
143.8,5.19
144.0,5.19
144.1,5.19
144.3,5.19
144.4,5.20
144.6,5.20
144.7,5.20
144.9,5.20
145.0,5.20
145.2,5.21
145.3,5.21
145.5,5.21
145.6,5.21
145.8,5.21
145.9,5.21
146.1,5.21
146.2,5.21
146.4,5.20
146.5,5.20
146.6,5.20
146.8,5.20
147.0,5.20
147.1,5.20
147.3,5.20
147.4,5.20
147.6,5.19
147.7,5.19
147.8,5.18
148.0,5.18
148.1,5.18
148.3,5.18
148.4,5.18
148.6,5.18
148.7,5.18
148.9,5.18
149.0,5.18
149.2,5.18
149.3,5.18
149.5,5.18
149.6,5.18
149.8,5.17
149.9,5.17
150.1,5.17
150.2,5.17
150.4,5.17
150.5,5.17
150.7,5.17
150.8,5.17
151.0,5.17
151.1,5.17
151.3,5.17
151.4,5.17
151.6,5.17
151.7,5.17
151.9,5.17
152.0,5.16
152.2,5.16
152.3,5.16
152.5,5.17
152.6,5.17
152.8,5.17
152.9,5.17
153.1,5.17
153.2,5.17
153.4,5.17
153.5,5.16
153.7,5.16
153.8,5.16
154.0,5.16
154.1,5.15
154.3,5.15
154.4,5.15
154.6,5.15
154.7,5.15
154.9,5.15
155.0,5.14
155.2,5.14
155.3,5.14
155.5,5.14
155.6,5.14
155.8,5.14
155.9,5.14
156.1,5.15
156.2,5.15
156.4,5.15
156.5,5.16
156.7,5.16
156.8,5.16
157.0,5.16
157.1,5.16
157.3,5.17
157.4,5.17
157.6,5.17
157.7,5.17
157.9,5.17
158.0,5.17
158.2,5.17
158.3,5.16
158.5,5.16
158.6,5.16
158.8,5.16
158.9,5.15
159.1,5.15
159.2,5.15
159.4,5.15
159.5,5.15
159.7,5.15
159.8,5.15
160.0,5.15
160.1,5.14
160.3,5.14
160.4,5.14
160.6,5.15
160.7,5.15
160.9,5.14
161.0,5.14
161.2,5.14
161.3,5.14
161.5,5.14
161.6,5.14
161.8,5.14
161.9,5.14
162.1,5.14
162.2,5.14
162.4,5.14
162.5,5.14
162.7,5.13
162.8,5.13
163.0,5.13
163.1,5.13
163.3,5.13
163.4,5.12
163.6,5.12
163.7,5.12
163.9,5.11
164.0,5.11
164.2,5.12
164.3,5.11
164.5,5.11
164.6,5.11
164.8,5.11
164.9,5.10
165.1,5.10
165.2,5.10
165.4,5.10
165.5,5.10
165.7,5.10
165.8,5.10
166.0,5.10
166.1,5.10
166.3,5.10
166.4,5.11
166.6,5.11
166.7,5.11
166.9,5.11
167.0,5.11
167.2,5.11
167.3,5.12
167.5,5.12
167.6,5.12
167.8,5.12
167.9,5.12
168.1,5.12
168.2,5.12
168.4,5.12
168.5,5.12
168.7,5.12
168.8,5.12
169.0,5.12
169.1,5.11
169.3,5.11
169.4,5.11
169.6,5.11
169.7,5.10
169.9,5.10
170.0,5.10
170.2,5.10
170.3,5.10
170.5,5.10
170.6,5.09
170.8,5.09
170.9,5.09
171.1,5.09
171.2,5.10
171.4,5.10
171.5,5.10
171.7,5.10
171.8,5.10
172.0,5.10
172.1,5.10
172.3,5.10
172.4,5.10
172.6,5.10
172.7,5.10
172.9,5.10
173.0,5.10
173.2,5.11
173.3,5.11
173.5,5.11
173.6,5.11
173.8,5.11
173.9,5.11
174.1,5.10
174.2,5.10
174.4,5.11
174.5,5.11
174.7,5.11
174.8,5.11
175.0,5.11
175.1,5.10
175.3,5.10
175.4,5.11
175.6,5.11
175.7,5.11
175.9,5.11
176.0,5.11
176.2,5.11
176.3,5.11
176.5,5.11
176.6,5.12
176.8,5.12
176.9,5.12
177.1,5.12
177.2,5.12
177.4,5.12
177.5,5.13
177.7,5.13
177.8,5.13
178.0,5.13
178.1,5.13
178.3,5.14
178.4,5.14
178.6,5.14
178.7,5.14
178.9,5.14
179.0,5.14
179.2,5.15
179.3,5.15
179.5,5.15
179.6,5.16
179.8,5.16
179.9,5.16
180.1,5.17
180.2,5.17
180.4,5.18
180.5,5.18
180.7,5.19
180.8,5.19
181.0,5.20
181.1,5.20
181.3,5.20
181.4,5.21
181.6,5.21
181.7,5.21
181.9,5.21
182.0,5.21
182.2,5.22
182.3,5.22
182.5,5.22
182.6,5.22
182.8,5.22
182.9,5.22
183.1,5.22
183.2,5.22
183.4,5.22
183.5,5.22
183.7,5.22
183.8,5.22
184.0,5.22
184.1,5.22
184.3,5.22
184.4,5.22
184.6,5.22
184.7,5.22
184.9,5.22
185.0,5.22
185.2,5.22
185.3,5.23
185.5,5.23
185.6,5.23
185.8,5.22
185.9,5.22
186.1,5.22
186.2,5.22
186.4,5.22
186.5,5.22
186.7,5.22
186.8,5.22
187.0,5.22
187.1,5.22
187.3,5.22
187.4,5.22
187.6,5.22
187.7,5.23
187.9,5.22
188.0,5.22
188.2,5.22
188.3,5.22
188.5,5.22
188.6,5.22
188.8,5.22
188.9,5.22
189.1,5.23
189.2,5.23
189.4,5.23
189.5,5.23
189.7,5.24
189.8,5.24
190.0,5.24
190.1,5.24
190.3,5.24
190.4,5.23
190.6,5.24
190.7,5.24
190.9,5.24
191.0,5.24
191.2,5.24
191.3,5.24
191.5,5.23
191.6,5.23
191.8,5.23
191.9,5.22
192.1,5.22
192.2,5.22
192.4,5.21
192.5,5.21
192.7,5.21
192.8,5.21
193.0,5.21
193.1,5.20
193.3,5.20
193.4,5.20
193.6,5.20
193.7,5.20
193.9,5.20
194.0,5.21
194.2,5.20
194.3,5.20
194.5,5.20
194.6,5.20
194.8,5.20
194.9,5.20
195.1,5.20
195.2,5.20
195.4,5.19
195.5,5.20
195.7,5.19
195.8,5.19
196.0,5.19
196.1,5.19
196.3,5.19
196.4,5.18
196.6,5.18
196.7,5.17
196.9,5.17
197.0,5.17
197.2,5.17
197.3,5.17
197.5,5.17
197.6,5.17
197.8,5.17
197.9,5.17
198.1,5.17
198.2,5.17
198.4,5.18
198.5,5.18
198.7,5.18
198.8,5.18
199.0,5.18
199.1,5.18
199.3,5.18
199.4,5.19
199.6,5.19
199.7,5.19
199.9,5.20
200.0,5.20
200.2,5.20
200.3,5.20
200.5,5.20
200.6,5.21
200.8,5.21
200.9,5.20
201.1,5.20
201.2,5.20
201.4,5.20
201.5,5.20
201.7,5.20
201.8,5.20
202.0,5.20
202.1,5.20
202.3,5.20
202.4,5.20
202.6,5.20
202.7,5.20
202.9,5.20
203.0,5.20
203.2,5.19
203.3,5.19
203.5,5.19
203.6,5.19
203.8,5.19
203.9,5.19
204.1,5.19
204.2,5.19
204.4,5.19
204.5,5.19
204.7,5.18
204.8,5.18
205.0,5.18
205.1,5.18
205.3,5.17
205.4,5.17
205.6,5.17
205.7,5.16
205.9,5.16
206.0,5.16
206.2,5.16
206.3,5.16
206.5,5.15
206.6,5.15
206.8,5.15
206.9,5.14
207.1,5.14
207.2,5.14
207.4,5.14
207.5,5.13
207.7,5.13
207.8,5.13
208.0,5.13
208.1,5.13
208.3,5.12
208.4,5.12
208.6,5.12
208.7,5.12
208.9,5.12
209.0,5.12
209.2,5.12
209.3,5.12
209.5,5.12
209.6,5.12
209.8,5.13
209.9,5.13
210.1,5.13
210.2,5.13
210.4,5.13
210.5,5.13
210.7,5.13
210.8,5.13
211.0,5.13
211.1,5.14
211.3,5.14
211.4,5.14
211.6,5.14
211.7,5.14
211.9,5.15
212.0,5.15
212.2,5.15
212.3,5.15
212.5,5.15
212.6,5.15
212.8,5.15
212.9,5.15
213.1,5.15
213.2,5.15
213.4,5.16
213.5,5.16
213.7,5.16
213.8,5.16
214.0,5.16
214.1,5.16
214.3,5.16
214.4,5.16
214.6,5.17
214.7,5.17
214.9,5.17
215.0,5.17
215.2,5.17
215.3,5.17
215.5,5.17
215.6,5.17
215.8,5.18
215.9,5.18
216.1,5.18
216.2,5.18
216.4,5.18
216.5,5.18
216.7,5.18
216.8,5.18
217.0,5.18
217.1,5.19
217.3,5.19
217.4,5.19
217.6,5.20
217.7,5.20
217.9,5.20
218.0,5.20
218.2,5.20
218.3,5.20
218.5,5.20
218.6,5.20
218.8,5.19
218.9,5.19
219.1,5.19
219.2,5.19
219.4,5.18
219.5,5.18
219.7,5.17
219.8,5.17
220.0,5.16
220.1,5.16
220.3,5.16
220.4,5.15
220.6,5.15
220.7,5.14
220.9,5.14
221.0,5.14
221.2,5.14
221.3,5.14
221.5,5.14
221.6,5.13
221.8,5.13
221.9,5.13
222.1,5.13
222.2,5.13
222.4,5.13
222.5,5.13
222.7,5.13
222.8,5.13
223.0,5.13
223.1,5.13
223.3,5.13
223.4,5.13
223.6,5.13
223.7,5.13
223.9,5.13
224.0,5.14
224.2,5.14
224.3,5.14
224.5,5.14
224.6,5.15
224.8,5.15
224.9,5.15
225.1,5.15
225.2,5.15
225.4,5.15
225.5,5.15
225.7,5.16
225.8,5.16
226.0,5.16
226.1,5.16
226.3,5.16
226.4,5.17
226.6,5.17
226.7,5.17
226.9,5.17
227.0,5.17
227.2,5.17
227.3,5.17
227.5,5.17
227.6,5.17
227.8,5.18
227.9,5.18
228.1,5.18
228.2,5.18
228.4,5.18
228.5,5.18
228.7,5.19
228.8,5.19
229.0,5.20
229.1,5.20
229.3,5.20
229.4,5.20
229.6,5.21
229.7,5.21
229.9,5.22
230.0,5.22
230.2,5.22
230.3,5.22
230.5,5.22
230.6,5.23
230.8,5.23
230.9,5.23
231.1,5.23
231.2,5.23
231.4,5.23
231.5,5.23
231.7,5.23
231.8,5.23
232.0,5.23
232.1,5.24
232.3,5.24
232.4,5.23
232.6,5.23
232.7,5.23
232.9,5.23
233.0,5.22
233.2,5.22
233.3,5.22
233.5,5.21
233.6,5.21
233.8,5.21
233.9,5.21
234.1,5.21
234.2,5.20
234.4,5.20
234.5,5.19
234.7,5.18
234.8,5.18
235.0,5.17
235.1,5.17
235.3,5.17
235.4,5.17
235.6,5.18
235.7,5.17
235.9,5.17
236.0,5.17
236.2,5.17
236.3,5.17
236.5,5.17
236.6,5.17
236.8,5.18
236.9,5.18
237.1,5.18
237.2,5.19
237.4,5.19
237.5,5.19
237.7,5.19
237.8,5.19
238.0,5.19
238.1,5.19
238.3,5.19
238.4,5.20
238.6,5.20
238.7,5.20
238.9,5.20
239.0,5.19
239.1,5.19
239.3,5.18
239.5,5.18
239.6,5.17
239.8,5.16
239.9,5.16
240.1,5.15
240.2,5.15
240.3,5.14
240.5,5.14
240.6,5.14
240.8,5.13
240.9,5.13
241.1,5.12
241.2,5.12
241.4,5.11
241.5,5.11
241.7,5.11
241.8,5.11
242.0,5.11
242.1,5.11
242.3,5.11
242.4,5.11
242.6,5.11
242.7,5.12
242.9,5.12
243.0,5.12
243.2,5.12
243.3,5.13
243.5,5.13
243.6,5.14
243.8,5.14
243.9,5.15
244.1,5.15
244.2,5.16
244.4,5.16
244.5,5.17
244.7,5.17
244.8,5.17
245.0,5.17
245.1,5.17
245.3,5.17
245.4,5.17
245.6,5.17
245.7,5.17
245.9,5.17
246.0,5.17
246.2,5.17
246.3,5.17
246.5,5.17
246.6,5.18
246.8,5.18
246.9,5.18
247.1,5.17
247.2,5.17
247.4,5.17
247.5,5.17
247.7,5.17
247.8,5.17
248.0,5.18
248.1,5.17
248.3,5.17
248.4,5.17
248.6,5.18
248.7,5.18
248.9,5.18
249.0,5.18
249.2,5.18
249.3,5.18
249.5,5.18
249.6,5.18
249.8,5.18
249.9,5.18
250.1,5.18
250.2,5.18
250.4,5.18
250.5,5.18
250.7,5.17
250.8,5.17
251.0,5.17
251.1,5.17
251.3,5.17
251.4,5.16
251.6,5.16
251.7,5.15
251.9,5.15
252.0,5.15
252.2,5.15
252.3,5.15
252.5,5.15
252.6,5.15
252.8,5.15
252.9,5.15
253.1,5.15
253.2,5.15
253.4,5.15
253.5,5.15
253.7,5.15
253.8,5.15
254.0,5.15
254.1,5.15
254.3,5.15
254.4,5.15
254.6,5.14
254.7,5.14
254.9,5.14
255.0,5.14
255.2,5.14
255.3,5.14
255.5,5.13
255.6,5.13
255.8,5.13
255.9,5.13
256.1,5.12
256.2,5.12
256.4,5.12
256.5,5.12
256.7,5.12
256.8,5.12
257.0,5.12
257.1,5.12
257.3,5.12
257.4,5.13
257.6,5.13
257.7,5.13
257.9,5.13
258.0,5.13
258.2,5.14
258.3,5.14
258.5,5.14
258.6,5.14
258.8,5.14
258.9,5.14
259.1,5.14
259.2,5.14
259.4,5.15
259.5,5.15
259.7,5.15
259.8,5.15
260.0,5.15
260.1,5.15
260.3,5.15
260.4,5.15
260.6,5.15
260.7,5.15
260.9,5.15
261.0,5.16
261.2,5.16
261.3,5.17
261.5,5.17
261.6,5.17
261.8,5.17
261.9,5.18
262.1,5.17
262.2,5.17
262.4,5.17
262.5,5.17
262.7,5.17
262.8,5.17
263.0,5.17
263.1,5.17
263.3,5.17
263.4,5.16
263.6,5.16
263.7,5.15
263.9,5.15
264.0,5.14
264.2,5.14
264.3,5.13
264.5,5.13
264.6,5.13
264.8,5.12
264.9,5.12
265.1,5.12
265.2,5.11
265.4,5.11
265.5,5.11
265.7,5.11
265.8,5.11
266.0,5.10
266.1,5.10
266.3,5.10
266.4,5.10
266.6,5.10
266.7,5.09
266.9,5.09
267.0,5.10
267.2,5.10
267.3,5.11
267.5,5.11
267.6,5.12
267.8,5.13
267.9,5.14
268.1,5.15
268.2,5.16
268.4,5.16
268.5,5.17
268.7,5.18
268.8,5.19
269.0,5.20
269.1,5.20
269.3,5.21
269.4,5.22
269.6,5.22
269.7,5.23
269.9,5.23
270.0,5.23
270.2,5.23
270.3,5.22
270.5,5.22
270.6,5.22
270.8,5.21
270.9,5.21
271.1,5.20
271.2,5.20
271.4,5.19
271.5,5.19
271.7,5.18
271.8,5.18
272.0,5.17
272.1,5.17
272.3,5.16
272.4,5.16
272.6,5.15
272.7,5.15
272.9,5.14
273.0,5.14
273.2,5.14
273.3,5.14
273.5,5.14
273.6,5.13
273.8,5.14
273.9,5.14
274.1,5.14
274.2,5.14
274.4,5.15
274.5,5.15
274.7,5.15
274.8,5.15
275.0,5.15
275.1,5.15
275.3,5.15
275.4,5.14
275.6,5.14
275.7,5.14
275.9,5.14
276.0,5.15
276.2,5.15
276.3,5.15
276.5,5.15
276.6,5.15
276.8,5.15
276.9,5.15
277.1,5.15
277.2,5.15
277.4,5.15
277.5,5.16
277.7,5.16
277.8,5.16
278.0,5.16
278.1,5.16
278.3,5.16
278.4,5.17
278.6,5.17
278.7,5.18
278.9,5.18
279.0,5.19
279.2,5.19
279.3,5.19
279.5,5.19
279.6,5.20
279.8,5.20
279.9,5.19
280.1,5.19
280.2,5.19
280.4,5.19
280.5,5.19
280.7,5.19
280.8,5.18
281.0,5.18
281.1,5.18
281.3,5.18
281.4,5.17
281.6,5.17
281.7,5.17
281.9,5.17
282.0,5.17
282.2,5.17
282.3,5.17
282.5,5.17
282.6,5.17
282.8,5.18
282.9,5.18
283.1,5.18
283.2,5.18
283.4,5.18
283.5,5.18
283.7,5.17
283.8,5.17
284.0,5.17
284.1,5.16
284.3,5.16
284.4,5.15
284.6,5.14
284.7,5.14
284.9,5.13
285.0,5.13
285.2,5.13
285.3,5.13
285.5,5.13
285.6,5.13
285.8,5.13
285.9,5.13
286.1,5.14
286.2,5.14
286.4,5.15
286.5,5.16
286.7,5.16
286.8,5.17
287.0,5.17
287.1,5.17
287.3,5.18
287.4,5.18
287.6,5.18
287.7,5.18
287.9,5.19
288.0,5.19
288.2,5.19
288.3,5.19
288.5,5.19
288.6,5.19
288.8,5.18
288.9,5.17
289.1,5.17
289.2,5.17
289.4,5.16
289.5,5.16
289.7,5.16
289.8,5.16
290.0,5.15
290.1,5.15
290.3,5.15
290.4,5.14
290.6,5.14
290.7,5.14
290.9,5.14
291.0,5.14
291.2,5.14
291.3,5.14
291.5,5.13
291.6,5.13
291.8,5.13
291.9,5.13
292.1,5.13
292.2,5.14
292.4,5.14
292.5,5.14
292.7,5.14
292.8,5.14
293.0,5.14
293.1,5.15
293.3,5.15
293.4,5.15
293.6,5.15
293.7,5.15
293.9,5.15
294.0,5.15
294.2,5.15
294.3,5.15
294.5,5.15
294.6,5.14
294.8,5.14
294.9,5.14
295.1,5.14
295.2,5.14
295.4,5.13
295.5,5.13
295.7,5.13
295.8,5.13
296.0,5.12
296.1,5.12
296.3,5.12
296.4,5.11
296.6,5.11
296.7,5.11
296.9,5.10
297.0,5.10
297.2,5.10
297.3,5.10
297.5,5.10
297.6,5.09
297.8,5.09
297.9,5.09
298.1,5.08
298.2,5.08
298.4,5.08
298.5,5.08
298.7,5.08
298.8,5.07
299.0,5.07
299.1,5.07
299.3,5.08
299.4,5.07
299.6,5.07
299.7,5.07
299.9,5.07
300.0,5.07
300.2,5.07
300.3,5.07
300.5,5.07
300.6,5.07
300.8,5.07
300.9,5.07
301.1,5.07
301.2,5.07
301.4,5.07
301.5,5.07
301.7,5.07
301.8,5.07
302.0,5.07
302.1,5.07
302.3,5.07
302.4,5.07
302.6,5.07
302.7,5.07
302.9,5.07
303.0,5.07
303.2,5.07
303.3,5.07
303.5,5.07
303.6,5.07
303.8,5.07
303.9,5.07
304.1,5.07
304.2,5.07
304.4,5.07
304.5,5.07
304.7,5.06
304.8,5.06
305.0,5.06
305.1,5.06
305.3,5.06
305.4,5.06
305.6,5.06
305.7,5.06
305.9,5.06
306.0,5.06
306.2,5.06
306.3,5.06
306.5,5.05
306.6,5.06
306.8,5.06
306.9,5.06
307.1,5.06
307.2,5.06
307.4,5.07
307.5,5.07
307.7,5.07
307.8,5.07
308.0,5.07
308.1,5.07
308.3,5.07
308.4,5.08
308.6,5.08
308.7,5.08
308.9,5.08
309.0,5.08
309.2,5.08
309.3,5.08
309.5,5.08
309.6,5.08
309.8,5.08
309.9,5.07
310.1,5.07
310.2,5.07
310.4,5.07
310.5,5.07
310.7,5.07
310.8,5.08
311.0,5.09
311.1,5.09
311.3,5.10
311.4,5.10
311.6,5.11
311.7,5.11
311.9,5.11
312.0,5.12
312.2,5.12
312.3,5.12
312.5,5.13
312.6,5.13
312.8,5.13
312.9,5.13
313.1,5.13
313.2,5.14
313.4,5.14
313.5,5.14
313.7,5.14
313.8,5.15
314.0,5.15
314.1,5.15
314.3,5.15
314.4,5.16
314.6,5.16
314.7,5.16
314.9,5.17
315.0,5.17
315.2,5.18
315.3,5.18
315.5,5.18
315.6,5.19
315.8,5.19
315.9,5.19
316.1,5.19
316.2,5.19
316.4,5.19
316.5,5.19
316.7,5.18
316.8,5.18
317.0,5.18
317.1,5.18
317.3,5.18
317.4,5.18
317.6,5.18
317.7,5.18
317.9,5.18
318.0,5.18
318.2,5.18
318.3,5.18
318.5,5.18
318.6,5.17
318.8,5.17
318.9,5.17
319.1,5.17
319.2,5.17
319.4,5.17
319.5,5.17
319.7,5.17
319.8,5.17
320.0,5.17
320.1,5.16
320.3,5.16
320.4,5.16
320.6,5.16
320.7,5.15
320.9,5.15
321.0,5.14
321.2,5.14
321.3,5.14
321.5,5.13
321.6,5.13
321.8,5.12
321.9,5.12
322.1,5.11
322.2,5.10
322.4,5.09
322.5,5.08
322.7,5.08
322.8,5.07
323.0,5.06
323.1,5.06
323.3,5.05
323.4,5.05
323.6,5.05
323.7,5.04
323.9,5.04
324.0,5.04
324.2,5.04
324.3,5.04
324.5,5.04
324.6,5.04
324.8,5.04
324.9,5.04
325.1,5.05
325.2,5.05
325.4,5.05
325.5,5.05
325.7,5.06
325.8,5.06
326.0,5.06
326.1,5.06
326.3,5.06
326.4,5.06
326.6,5.06
326.7,5.06
326.9,5.06
327.0,5.06
327.2,5.06
327.3,5.06
327.5,5.05
327.6,5.05
327.8,5.05
327.9,5.04
328.1,5.04
328.2,5.04
328.4,5.04
328.5,5.04
328.7,5.03
328.8,5.03
329.0,5.03
329.1,5.03
329.3,5.03
329.4,5.03
329.6,5.03
329.7,5.03
329.9,5.03
330.0,5.03
330.2,5.02
330.3,5.02
330.5,5.02
330.6,5.02
330.8,5.02
330.9,5.02
331.1,5.02
331.2,5.01
331.4,5.01
331.5,5.01
331.7,5.01
331.8,5.01
332.0,5.01
332.1,5.01
332.3,5.01
332.4,5.02
332.6,5.02
332.7,5.02
332.9,5.02
333.0,5.02
333.2,5.02
333.3,5.02
333.5,5.03
333.6,5.03
333.8,5.02
333.9,5.03
334.1,5.03
334.2,5.03
334.4,5.03
334.5,5.02
334.7,5.02
334.8,5.02
335.0,5.02
335.1,5.02
335.3,5.02
335.4,5.02
335.6,5.03
335.7,5.03
335.9,5.03
336.0,5.04
336.2,5.04
336.3,5.05
336.5,5.05
336.6,5.05
336.8,5.05
336.9,5.06
337.1,5.06
337.2,5.06
337.4,5.06
337.5,5.06
337.7,5.07
337.8,5.07
338.0,5.06
338.1,5.06
338.3,5.06
338.4,5.06
338.6,5.06
338.7,5.05
338.9,5.05
339.0,5.05
339.2,5.04
339.3,5.04
339.5,5.04
339.6,5.04
339.8,5.05
339.9,5.05
340.1,5.05
340.2,5.05
340.4,5.05
340.5,5.05
340.7,5.05
340.8,5.05
341.0,5.05
341.1,5.05
341.3,5.05
341.4,5.05
341.6,5.05
341.7,5.05
341.9,5.05
342.0,5.05
342.2,5.05
342.3,5.05
342.5,5.05
342.6,5.05
342.7,5.05
342.9,5.04
343.0,5.04
343.2,5.04
343.3,5.04
343.5,5.04
343.6,5.04
343.8,5.04
344.0,5.04
344.1,5.04
344.2,5.03
344.4,5.03
344.5,5.03
344.7,5.03
344.8,5.03
345.0,5.03
345.1,5.03
345.3,5.03
345.4,5.03
345.6,5.03
345.7,5.03
345.9,5.03
346.0,5.03
346.2,5.03
346.3,5.03
346.5,5.04
346.6,5.04
346.8,5.03
346.9,5.03
347.1,5.03
347.2,5.03
347.4,5.03
347.5,5.03
347.7,5.03
347.8,5.02
348.0,5.02
348.1,5.02
348.3,5.02
348.4,5.02
348.6,5.02
348.7,5.01
348.9,5.01
349.0,5.01
349.2,5.01
349.3,5.01
349.5,5.01
349.6,5.01
349.8,5.01
349.9,5.01
350.1,5.01
350.2,5.01
350.4,5.01
350.5,5.01
350.7,5.01
350.8,5.01
351.0,5.01
351.1,5.00
351.3,5.00
351.4,5.00
351.6,5.00
351.7,4.99
351.9,4.99
352.0,4.99
352.2,4.99
352.3,4.99
352.5,4.99
352.6,4.99
352.8,4.99
352.9,4.99
353.1,4.99
353.2,4.98
353.4,4.98
353.5,4.98
353.7,4.98
353.8,4.98
354.0,4.98
354.1,4.98
354.3,4.98
354.4,4.98
354.6,4.99
354.7,4.99
354.9,4.99
355.0,4.99
355.2,4.99
355.3,4.99
355.5,5.00
355.6,5.00
355.8,5.00
355.9,5.00
356.1,5.00
356.2,5.00
356.4,5.00
356.5,5.00
356.7,5.00
356.8,5.00
357.0,4.99
357.1,4.99
357.3,4.99
357.4,4.99
357.6,4.98
357.7,4.98
357.9,4.98
358.0,4.98
358.2,4.97
358.3,4.97
358.5,4.97
358.6,4.98
358.8,4.98
358.9,4.99
359.1,4.99
359.2,4.99
359.4,5.00
359.5,5.00
359.7,5.00
359.8,5.01
360.0,5.01
360.1,5.01
360.3,5.01
360.4,5.02
360.6,5.02
360.7,5.02
360.9,5.02
361.0,5.02
361.2,5.02
361.3,5.02
361.5,5.02
361.6,5.02
361.8,5.02
361.9,5.02
362.1,5.02
362.2,5.02
362.4,5.02
362.5,5.02
362.7,5.02
362.8,5.02
363.0,5.03
363.1,5.03
363.3,5.03
363.4,5.03
363.6,5.02
363.7,5.02
363.9,5.02
364.0,5.03
364.2,5.03
364.3,5.03
364.5,5.03
364.6,5.03
364.8,5.03
364.9,5.03
365.1,5.03
365.2,5.03
365.4,5.03
365.5,5.03
365.7,5.03
365.8,5.03
366.0,5.03
366.1,5.03
366.3,5.04
366.4,5.04
366.6,5.05
366.7,5.05
366.9,5.05
367.0,5.05
367.2,5.05
367.3,5.06
367.5,5.06
367.6,5.06
367.8,5.06
367.9,5.06
368.1,5.06
368.2,5.06
368.4,5.06
368.5,5.06
368.7,5.06
368.8,5.06
369.0,5.06
369.1,5.06
369.3,5.06
369.4,5.06
369.6,5.06
369.7,5.05
369.9,5.05
370.0,5.05
370.2,5.05
370.3,5.05
370.5,5.05
370.6,5.05
370.8,5.05
370.9,5.06
371.1,5.06
371.2,5.06
371.4,5.06
371.5,5.06
371.7,5.06
371.8,5.06
372.0,5.07
372.1,5.07
372.3,5.07
372.4,5.07
372.6,5.07
372.7,5.08
372.9,5.08
373.0,5.08
373.2,5.08
373.3,5.08
373.5,5.09
373.6,5.09
373.8,5.08
373.9,5.08
374.1,5.08
374.2,5.08
374.4,5.07
374.5,5.07
374.7,5.06
374.8,5.06
375.0,5.05
375.1,5.05
375.3,5.05
375.4,5.04
375.6,5.04
375.7,5.03
375.9,5.02
376.0,5.01
376.2,5.01
376.3,5.00
376.5,5.00
376.6,4.99
376.8,4.99
376.9,4.99
377.1,4.98
377.2,4.98
377.4,4.98
377.5,4.97
377.7,4.97
377.8,4.97
378.0,4.96
378.1,4.96
378.3,4.96
378.4,4.96
378.6,4.96
378.7,4.96
378.9,4.95
379.0,4.95
379.2,4.95
379.3,4.95
379.5,4.95
379.6,4.94
379.8,4.94
379.9,4.94
380.1,4.94
380.2,4.94
380.4,4.94
380.5,4.94
380.7,4.94
380.8,4.94
381.0,4.95
381.1,4.95
381.3,4.95
381.4,4.95
381.6,4.95
381.7,4.96
381.9,4.96
382.0,4.96
382.2,4.96
382.3,4.96
382.5,4.97
382.6,4.97
382.8,4.97
382.9,4.97
383.1,4.97
383.2,4.97
383.4,4.96
383.5,4.96
383.7,4.96
383.8,4.96
384.0,4.96
384.1,4.96
384.3,4.96
384.4,4.96
384.6,4.96
384.7,4.96
384.9,4.96
385.0,4.96
385.2,4.95
385.3,4.95
385.5,4.95
385.6,4.95
385.8,4.96
385.9,4.96
386.1,4.96
386.2,4.96
386.4,4.96
386.5,4.96
386.7,4.96
386.8,4.96
387.0,4.96
387.1,4.97
387.3,4.97
387.4,4.97
387.6,4.97
387.7,4.97
387.9,4.98
388.0,4.98
388.2,4.98
388.3,4.98
388.5,4.98
388.6,4.98
388.8,4.98
388.9,4.99
389.1,4.99
389.2,4.99
389.4,5.00
389.5,5.00
389.7,5.00
389.8,5.01
390.0,5.01
390.1,5.01
390.3,5.02
390.4,5.02
390.6,5.03
390.7,5.03
390.9,5.04
391.0,5.04
391.2,5.04
391.3,5.05
391.5,5.05
391.6,5.05
391.8,5.05
391.9,5.05
392.1,5.05
392.2,5.05
392.4,5.05
392.5,5.05
392.7,5.05
392.8,5.05
393.0,5.05
393.1,5.05
393.3,5.05
393.4,5.05
393.6,5.04
393.7,5.04
393.9,5.04
394.0,5.04
394.2,5.04
394.3,5.03
394.5,5.03
394.6,5.03
394.8,5.03
394.9,5.03
395.1,5.03
395.2,5.03
395.4,5.03
395.5,5.03
395.7,5.03
395.8,5.03
396.0,5.03
396.1,5.03
396.3,5.03
396.4,5.03
396.6,5.03
396.7,5.04
396.9,5.04
397.0,5.04
397.2,5.04
397.3,5.04
397.5,5.04
397.6,5.04
397.8,5.04
397.9,5.05
398.1,5.05
398.2,5.04
398.4,5.04
398.5,5.04
398.7,5.04
398.8,5.04
399.0,5.04
399.1,5.03
399.3,5.04
399.4,5.04
399.6,5.04
399.7,5.04
399.9,5.04
400.0,5.04
400.2,5.04
400.3,5.04
400.5,5.04
400.6,5.04
400.8,5.04
400.9,5.04
401.1,5.05
401.2,5.05
401.4,5.05
401.5,5.05
401.7,5.06
401.8,5.06
402.0,5.06
402.1,5.06
402.3,5.06
402.4,5.06
402.6,5.06
402.7,5.07
402.9,5.07
403.0,5.07
403.2,5.07
403.3,5.07
403.5,5.07
403.6,5.07
403.8,5.07
403.9,5.07
404.1,5.07
404.2,5.07
404.4,5.07
404.5,5.07
404.7,5.07
404.8,5.07
405.0,5.07
405.1,5.07
405.3,5.07
405.4,5.07
405.6,5.08
405.7,5.08
405.9,5.07
406.0,5.07
406.2,5.07
406.3,5.07
406.5,5.07
406.6,5.06
406.8,5.07
406.9,5.07
407.1,5.06
407.2,5.07
407.4,5.06
407.5,5.06
407.7,5.06
407.8,5.06
408.0,5.06
408.1,5.06
408.3,5.05
408.4,5.05
408.6,5.05
408.7,5.04
408.9,5.04
409.0,5.04
409.2,5.05
409.3,5.04
409.5,5.04
409.6,5.04
409.8,5.04
409.9,5.04
410.1,5.04
410.2,5.04
410.4,5.03
410.5,5.03
410.7,5.03
410.8,5.03
411.0,5.03
411.1,5.03
411.3,5.03
411.4,5.03
411.6,5.03
411.7,5.02
411.9,5.02
412.0,5.02
412.2,5.02
412.3,5.02
412.5,5.02
412.6,5.02
412.8,5.02
412.9,5.02
413.1,5.02
413.2,5.02
413.4,5.02
413.5,5.02
413.7,5.02
413.8,5.02
414.0,5.02
414.1,5.02
414.3,5.02
414.4,5.02
414.6,5.02
414.7,5.02
414.9,5.02
415.0,5.02
415.2,5.02
415.3,5.02
415.5,5.02
415.6,5.02
415.8,5.02
415.9,5.02
416.1,5.02
416.2,5.02
416.4,5.02
416.5,5.02
416.7,5.02
416.8,5.02
417.0,5.03
417.1,5.03
417.3,5.02
417.4,5.02
417.6,5.02
417.7,5.02
417.9,5.02
418.0,5.02
418.2,5.02
418.3,5.02
418.5,5.02
418.6,5.02
418.8,5.02
418.9,5.02
419.1,5.02
419.2,5.02
419.4,5.02
419.5,5.02
419.7,5.02
419.8,5.02
420.0,5.02
420.1,5.02
420.3,5.02
420.4,5.03
420.6,5.03
420.7,5.03
420.9,5.03
421.0,5.03
421.2,5.03
421.3,5.03
421.5,5.03
421.6,5.03
421.8,5.03
421.9,5.03
422.1,5.03
422.2,5.03
422.4,5.03
422.5,5.03
422.7,5.03
422.8,5.03
423.0,5.04
423.1,5.04
423.3,5.03
423.4,5.03
423.6,5.03
423.7,5.03
423.9,5.03
424.0,5.03
424.2,5.03
424.3,5.03
424.5,5.03
424.6,5.03
424.8,5.03
424.9,5.02
425.1,5.02
425.2,5.02
425.4,5.01
425.5,5.01
425.7,5.01
425.8,5.00
426.0,5.00
426.1,5.00
426.3,5.00
426.4,5.00
426.6,5.00
426.7,5.00
426.9,5.00
427.0,5.00
427.2,5.00
427.3,5.00
427.5,5.00
427.6,5.01
427.8,5.01
427.9,5.01
428.1,5.02
428.2,5.02
428.4,5.02
428.5,5.02
428.7,5.03
428.8,5.03
429.0,5.03
429.1,5.03
429.3,5.03
429.4,5.03
429.6,5.03
429.7,5.03
429.9,5.03
430.0,5.03
430.2,5.02
430.3,5.02
430.5,5.02
430.6,5.01
430.8,5.01
430.9,5.00
431.1,5.00
431.2,4.99
431.4,4.98
431.5,4.97
431.7,4.97
431.8,4.96
432.0,4.95
432.1,4.94
432.3,4.94
432.4,4.93
432.6,4.93
432.7,4.93
432.9,4.93
433.0,4.93
433.2,4.93
433.3,4.92
433.5,4.93
433.6,4.93
433.8,4.93
433.9,4.93
434.1,4.93
434.2,4.93
434.4,4.93
434.5,4.93
434.7,4.94
434.8,4.94
435.0,4.94
435.1,4.94
435.3,4.94
435.4,4.94
435.6,4.94
435.7,4.94
435.9,4.94
436.0,4.94
436.2,4.94
436.3,4.94
436.5,4.94
436.6,4.94
436.8,4.94
436.9,4.94
437.1,4.94
437.2,4.94
437.4,4.94
437.5,4.95
437.7,4.95
437.8,4.95
438.0,4.94
438.1,4.94
438.3,4.94
438.4,4.94
438.5,4.94
438.7,4.94
438.8,4.94
439.0,4.94
439.1,4.94
439.3,4.94
439.5,4.94
439.6,4.94
439.7,4.94
439.9,4.94
440.0,4.93
440.2,4.93
440.3,4.93
440.5,4.93
440.6,4.93
440.8,4.93
441.0,4.93
441.1,4.93
441.2,4.93
441.4,4.93
441.5,4.93
441.7,4.93
441.8,4.93
442.0,4.93
442.1,4.93
442.3,4.94
442.4,4.94
442.6,4.94
442.7,4.94
442.9,4.95
443.0,4.95
443.2,4.95
443.3,4.95
443.5,4.95
443.6,4.95
443.8,4.95
443.9,4.95
444.1,4.95
444.2,4.95
444.4,4.95
444.5,4.95
444.7,4.95
444.8,4.95
445.0,4.94
445.1,4.94
445.3,4.94
445.4,4.94
445.6,4.94
445.7,4.94
445.9,4.94
446.0,4.94
446.2,4.95
446.3,4.95
446.5,4.95
446.6,4.95
446.8,4.95
446.9,4.95
447.1,4.96
447.2,4.96
447.4,4.96
447.5,4.97
447.7,4.97
447.8,4.97
448.0,4.97
448.1,4.98
448.3,4.98
448.4,4.98
448.6,4.98
448.7,4.98
448.9,4.98
449.0,4.98
449.2,4.98
449.3,4.98
449.5,4.98
449.6,4.97
449.8,4.97
449.9,4.98
450.1,4.98
450.2,4.98
450.4,4.98
450.5,4.98
450.7,4.98
450.8,4.98
451.0,4.98
451.1,4.98
451.3,4.98
451.4,4.99
451.6,4.99
451.7,4.99
451.9,4.99
452.0,4.99
452.2,4.99
452.3,4.99
452.5,4.99
452.6,4.99
452.8,4.99
452.9,4.99
453.1,4.98
453.2,4.98
453.4,4.98
453.5,4.98
453.7,4.97
453.8,4.97
454.0,4.97
454.1,4.97
454.3,4.96
454.4,4.96
454.6,4.96
454.7,4.96
454.9,4.96
455.0,4.96
455.2,4.96
455.3,4.96
455.5,4.95
455.6,4.95
455.8,4.95
455.9,4.95
456.1,4.95
456.2,4.95
456.4,4.95
456.5,4.95
456.7,4.95
456.8,4.95
457.0,4.95
457.1,4.95
457.3,4.96
457.4,4.96
457.6,4.96
457.7,4.96
457.9,4.96
458.0,4.96
458.2,4.96
458.3,4.96
458.5,4.96
458.6,4.96
458.8,4.96
458.9,4.96
459.1,4.96
459.2,4.97
459.4,4.96
459.5,4.96
459.7,4.96
459.8,4.96
460.0,4.96
460.1,4.96
460.3,4.96
460.4,4.96
460.6,4.96
460.7,4.96
460.9,4.96
461.0,4.96
461.2,4.96
461.3,4.97
461.5,4.97
461.6,4.96
461.8,4.96
461.9,4.96
462.1,4.96
462.2,4.96
462.4,4.96
462.5,4.96
462.7,4.96
462.8,4.96
463.0,4.96
463.1,4.96
463.3,4.96
463.4,4.96
463.6,4.96
463.7,4.95
463.9,4.95
464.0,4.95
464.2,4.94
464.3,4.94
464.5,4.94
464.6,4.94
464.8,4.94
464.9,4.94
465.1,4.94
465.2,4.94
465.4,4.94
465.5,4.94
465.7,4.94
465.8,4.93
466.0,4.93
466.1,4.93
466.3,4.93
466.4,4.93
466.6,4.93
466.7,4.93
466.9,4.93
467.0,4.93
467.2,4.93
467.3,4.93
467.5,4.92
467.6,4.92
467.8,4.92
467.9,4.92
468.1,4.92
468.2,4.92
468.4,4.92
468.5,4.92
468.7,4.92
468.8,4.92
469.0,4.92
469.1,4.91
469.3,4.91
469.4,4.91
469.6,4.92
469.7,4.91
469.9,4.91
470.0,4.91
470.2,4.91
470.3,4.91
470.5,4.91
470.6,4.91
470.8,4.91
470.9,4.91
471.1,4.91
471.2,4.91
471.4,4.91
471.5,4.91
471.7,4.91
471.8,4.91
472.0,4.91
472.1,4.91
472.3,4.91
472.4,4.91
472.6,4.91
472.7,4.91
472.9,4.91
473.0,4.91
473.2,4.91
473.3,4.91
473.5,4.91
473.6,4.91
473.8,4.91
473.9,4.91
474.1,4.92
474.2,4.92
474.4,4.92
474.5,4.91
474.7,4.91
474.8,4.91
475.0,4.91
475.1,4.91
475.3,4.91
475.4,4.91
475.6,4.91
475.7,4.91
475.9,4.91
476.0,4.91
476.2,4.91
476.3,4.90
476.5,4.90
476.6,4.90
476.8,4.90
476.9,4.90
477.1,4.90
477.2,4.90
477.4,4.90
477.5,4.90
477.7,4.89
477.8,4.90
478.0,4.90
478.1,4.90
478.3,4.90
478.4,4.89
478.6,4.89
478.7,4.89
478.9,4.89
479.0,4.89
479.2,4.90
479.3,4.90
479.5,4.89
479.6,4.89
479.8,4.89
479.9,4.90
480.1,4.90
480.2,4.90
480.4,4.90
480.5,4.90
480.7,4.90
480.8,4.90
481.0,4.90
481.1,4.91
481.3,4.91
481.4,4.91
481.6,4.91
481.7,4.91
481.9,4.91
482.0,4.91
482.2,4.91
482.3,4.92
482.5,4.92
482.6,4.92
482.8,4.92
482.9,4.92
483.1,4.92
483.2,4.92
483.4,4.92
483.5,4.92
483.7,4.92
483.8,4.92
484.0,4.91
484.1,4.91
484.3,4.91
484.4,4.92
484.6,4.92
484.7,4.92
484.9,4.92
485.0,4.92
485.2,4.92
485.3,4.92
485.5,4.92
485.6,4.92
485.8,4.92
485.9,4.92
486.1,4.92
486.2,4.92
486.4,4.92
486.5,4.92
486.7,4.92
486.8,4.92
487.0,4.92
487.1,4.92
487.3,4.91
487.4,4.91
487.6,4.91
487.7,4.91
487.9,4.91
488.0,4.91
488.2,4.91
488.3,4.91
488.5,4.91
488.6,4.91
488.8,4.91
488.9,4.91
489.1,4.91
489.2,4.91
489.4,4.91
489.5,4.91
489.7,4.91
489.8,4.91
490.0,4.91
490.1,4.90
490.3,4.90
490.4,4.90
490.6,4.90
490.7,4.90
490.9,4.90
491.0,4.90
491.2,4.89
491.3,4.89
491.5,4.89
491.6,4.89
491.8,4.89
491.9,4.89
492.1,4.88
492.2,4.88
492.4,4.88
492.5,4.88
492.7,4.88
492.8,4.88
493.0,4.89
493.1,4.89
493.3,4.89
493.4,4.89
493.6,4.89
493.7,4.89
493.9,4.89
494.0,4.89
494.2,4.89
494.3,4.89
494.5,4.89
494.6,4.89
494.8,4.89
494.9,4.90
495.1,4.90
495.2,4.90
495.4,4.90
495.5,4.90
495.7,4.90
495.8,4.90
496.0,4.90
496.1,4.90
496.3,4.90
496.4,4.90
496.6,4.90
496.7,4.90
496.9,4.90
497.0,4.89
497.2,4.89
497.3,4.89
497.5,4.89
497.6,4.89
497.8,4.89
497.9,4.89
498.1,4.90
498.2,4.90
498.4,4.90
498.5,4.91
498.7,4.91
498.8,4.91
499.0,4.91
499.1,4.91
499.3,4.92
499.4,4.92
499.6,4.92
499.7,4.92
499.9,4.92
500.0,4.92
500.2,4.92
500.3,4.92
500.5,4.92
500.6,4.92
500.8,4.92
500.9,4.91
501.1,4.91
501.2,4.91
501.4,4.91
501.5,4.91
501.7,4.90
501.8,4.90
502.0,4.90
502.1,4.90
502.3,4.90
502.4,4.90
502.6,4.90
502.7,4.90
502.9,4.90
503.0,4.90
503.2,4.91
503.3,4.91
503.5,4.91
503.6,4.91
503.8,4.91
503.9,4.92
504.1,4.92
504.2,4.92
504.4,4.92
504.5,4.92
504.7,4.92
504.8,4.92
505.0,4.92
505.1,4.92
505.3,4.92
505.4,4.92
505.6,4.92
505.7,4.92
505.9,4.92
506.0,4.92
506.2,4.92
506.3,4.92
506.5,4.92
506.6,4.92
506.8,4.93
506.9,4.92
507.1,4.92
507.2,4.92
507.4,4.93
507.5,4.93
507.7,4.93
507.8,4.93
508.0,4.93
508.1,4.93
508.3,4.93
508.4,4.93
508.6,4.93
508.7,4.93
508.9,4.93
509.0,4.93
509.2,4.93
509.3,4.93
509.5,4.93
509.6,4.93
509.8,4.93
509.9,4.93
510.1,4.93
510.2,4.93
510.4,4.94
510.5,4.94
510.7,4.94
510.8,4.94
511.0,4.94
511.1,4.94
511.3,4.94
511.4,4.94
511.6,4.94
511.7,4.94
511.9,4.94
512.0,4.94
512.2,4.94
512.3,4.94
512.5,4.94
512.6,4.94
512.8,4.94
512.9,4.95
513.1,4.95
513.2,4.95
513.4,4.95
513.5,4.96
513.7,4.96
513.8,4.96
514.0,4.97
514.1,4.97
514.3,4.98
514.4,4.98
514.6,4.98
514.7,4.99
514.9,5.00
515.0,5.00
515.2,5.01
515.3,5.01
515.5,5.01
515.6,5.01
515.8,5.00
515.9,5.00
516.1,5.00
516.2,5.00
516.4,5.00
516.5,5.00
516.7,4.99
516.8,4.99
517.0,4.99
517.1,4.99
517.3,5.00
517.4,4.99
517.6,4.99
517.7,4.99
517.9,4.99
518.0,4.99
518.2,4.99
518.3,4.99
518.5,4.99
518.6,4.99
518.8,4.99
518.9,4.98
519.1,4.98
519.2,4.98
519.4,4.98
519.5,4.97
519.7,4.97
519.8,4.96
520.0,4.96
520.1,4.96
520.3,4.95
520.4,4.95
520.6,4.95
520.7,4.95
520.9,4.96
521.0,4.96
521.2,4.97
521.3,4.97
521.5,4.98
521.6,4.98
521.8,4.99
521.9,4.99
522.1,5.00
522.2,5.00
522.4,5.01
522.5,5.01
522.7,5.01
522.8,5.01
523.0,5.02
523.1,5.02
523.3,5.01
523.4,5.01
523.6,5.01
523.7,5.01
523.9,5.01
524.0,5.01
524.2,5.01
524.3,5.01
524.5,5.00
524.6,5.00
524.8,5.00
524.9,5.00
525.1,5.00
525.2,5.00
525.4,5.00
525.5,5.00
525.7,5.00
525.8,5.01
526.0,5.01
526.1,5.01
526.3,5.01
526.4,5.01
526.6,5.01
526.7,5.01
526.9,5.01
527.0,5.02
527.2,5.02
527.3,5.02
527.5,5.02
527.6,5.02
527.8,5.02
527.9,5.02
528.1,5.02
528.2,5.02
528.4,5.02
528.5,5.02
528.7,5.02
528.8,5.02
529.0,5.02
529.1,5.02
529.3,5.02
529.4,5.02
529.6,5.02
529.7,5.02
529.9,5.02
530.0,5.02
530.2,5.02
530.3,5.02
530.5,5.01
530.6,5.01
530.8,5.01
530.9,5.01
531.1,5.01
531.2,5.00
531.4,5.00
531.5,5.00
531.7,5.00
531.8,4.99
532.0,-31.67
532.1,-31.66
532.3,-31.67
532.4,-31.67
532.6,-31.67
532.7,-31.67
532.9,-31.66
533.0,-31.66
533.2,-31.66
533.3,-31.66
533.5,-31.66
533.6,-31.66
533.8,-31.66
533.9,-31.65
534.1,-31.65
534.2,-31.65
534.4,-31.65
534.6,5.01
534.7,5.01
534.9,5.01
535.0,5.01
535.2,5.01
535.3,5.01
535.5,5.01
535.6,5.00
535.8,5.00
535.9,5.01
536.1,5.01
536.2,5.01
536.4,5.01
536.5,5.01
536.7,5.00
536.8,5.00
537.0,5.00
537.1,5.00
537.3,5.00
537.4,5.00
537.6,5.00
537.7,5.00
537.9,5.00
538.0,5.00
538.2,5.00
538.3,5.00
538.5,5.00
538.6,5.00
538.8,4.99
538.9,4.99
539.1,4.99
539.2,4.99
539.4,4.99
539.5,4.99
539.7,4.99
539.8,4.99
540.0,4.99
540.1,4.99
540.3,4.99
540.4,4.98
540.6,4.99
540.7,4.98
540.9,4.98
541.0,4.98
541.2,4.98
541.3,4.98
541.5,4.98
541.6,4.98
541.8,4.98
541.9,4.98
542.1,4.98
542.2,4.98
542.4,4.98
542.5,4.98
542.7,4.98
542.8,4.98
543.0,4.98
543.1,4.98
543.2,4.98
543.4,4.98
543.5,4.98
543.7,4.98
543.8,4.98
544.0,4.98
544.1,4.98
544.3,4.98
544.4,4.98
544.6,4.97
544.7,4.97
544.9,4.98
545.0,4.97
545.2,4.98
545.3,4.98
545.5,4.97
545.6,4.97
545.8,4.97
545.9,4.97
546.1,4.97
546.2,4.97
546.4,4.97
546.5,4.97
546.7,4.97
546.8,4.97
547.0,4.96
547.1,4.96
547.3,4.96
547.4,4.96
547.6,4.96
547.7,4.96
547.9,4.96
548.0,4.95
548.2,4.95
548.3,4.95
548.5,4.95
548.6,4.95
548.8,4.95
548.9,4.95
549.1,4.95
549.2,4.94
549.4,4.94
549.5,4.94
549.7,4.94
549.8,4.94
550.0,4.94
550.1,4.94
550.3,4.94
550.4,4.94
550.6,4.94
550.7,4.94
550.9,4.94
551.0,4.94
551.2,4.94
551.3,4.94
551.5,4.94
551.6,4.94
551.8,4.94
551.9,4.94
552.1,4.94
552.2,4.94
552.4,4.93
552.5,4.93
552.7,4.93
552.8,4.93
553.0,4.93
553.1,4.93
553.3,4.93
553.4,4.92
553.6,4.92
553.7,4.92
553.9,4.92
554.0,4.92
554.2,4.92
554.3,4.92
554.5,4.92
554.6,4.91
554.8,4.91
554.9,4.91
555.1,4.91
555.2,4.91
555.4,4.91
555.5,4.91
555.7,4.91
555.8,4.91
556.0,4.91
556.1,4.91
556.3,4.91
556.4,4.91
556.6,4.91
556.7,4.91
556.9,4.90
557.0,4.90
557.2,4.90
557.3,4.90
557.5,4.90
557.6,4.90
557.8,4.90
557.9,4.90
558.1,4.90
558.2,4.90
558.4,4.90
558.5,4.90
558.7,4.90
558.8,4.90
559.0,4.89
559.1,4.89
559.3,4.89
559.4,4.89
559.6,4.89
559.7,4.89
559.9,4.88
560.0,4.88
560.2,4.88
560.3,4.88
560.5,4.88
560.6,4.88
560.8,4.88
560.9,4.88
561.1,4.87
561.2,4.87
561.4,4.87
561.5,4.87
561.7,4.87
561.8,4.87
562.0,4.87
562.1,4.87
562.3,4.87
562.4,4.86
562.6,4.86
562.7,4.86
562.9,4.86
563.0,4.86
563.2,4.86
563.3,4.85
563.5,4.85
563.6,4.85
563.8,4.85
563.9,4.85
564.1,4.85
564.2,4.85
564.4,4.85
564.5,4.85
564.7,4.85
564.8,4.85
565.0,4.85
565.1,4.85
565.3,4.85
565.4,4.85
565.6,4.85
565.7,4.85
565.9,4.85
566.0,4.86
566.2,4.86
566.3,4.86
566.5,4.86
566.6,4.86
566.8,4.86
566.9,4.86
567.1,4.86
567.2,4.86
567.4,4.86
567.5,4.86
567.7,4.87
567.8,4.87
568.0,4.87
568.1,4.87
568.3,4.87
568.4,4.87
568.6,4.87
568.7,4.87
568.9,4.87
569.0,4.86
569.2,4.86
569.3,4.86
569.5,4.86
569.6,4.86
569.8,4.86
569.9,4.86
570.1,4.86
570.2,4.86
570.4,4.86
570.5,4.86
570.7,4.86
570.8,4.86
571.0,4.86
571.1,4.86
571.3,4.86
571.4,4.86
571.6,4.86
571.7,4.86
571.9,4.85
572.0,4.85
572.2,4.85
572.3,4.85
572.5,4.85
572.6,4.85
572.8,4.85
572.9,4.85
573.1,4.85
573.2,4.85
573.4,4.85
573.5,4.85
573.7,4.85
573.8,4.85
574.0,4.85
574.1,4.85
574.3,4.85
574.4,4.85
574.6,4.86
574.7,4.86
574.9,4.86
575.0,4.87
575.2,4.88
575.3,4.88
575.5,4.89
575.6,4.90
575.8,4.91
575.9,4.92
576.1,4.92
576.2,4.93
576.4,4.94
576.5,4.95
576.7,4.96
576.8,4.96
577.0,4.97
577.1,4.97
577.3,4.98
577.4,4.99
577.6,4.99
577.7,4.99
577.9,5.00
578.0,5.00
578.2,5.00
578.3,4.99
578.5,4.99
578.6,4.99
578.8,4.98
578.9,4.98
579.1,4.97
579.2,4.96
579.4,4.96
579.5,4.95
579.7,4.94
579.8,4.93
580.0,4.92
580.1,4.92
580.3,4.91
580.4,4.90
580.6,4.89
580.7,4.89
580.9,4.88
581.0,4.87
581.2,4.87
581.3,4.86
581.5,4.86
581.6,4.86
581.8,4.85
581.9,4.85
582.1,4.85
582.2,4.85
582.4,4.84
582.5,4.84
582.7,4.84
582.8,4.84
583.0,4.84
583.1,4.84
583.3,4.84
583.4,4.84
583.6,4.85
583.7,4.85
583.9,4.85
584.0,4.86
584.2,4.86
584.3,4.86
584.5,4.86
584.6,4.86
584.8,4.87
584.9,4.87
585.1,4.87
585.2,4.87
585.4,4.87
585.5,4.88
585.7,4.88
585.8,4.88
586.0,4.88
586.1,4.89
586.3,4.89
586.4,4.89
586.6,4.89
586.7,4.89
586.9,4.89
587.0,4.89
587.2,4.89
587.3,4.89
587.5,4.89
587.6,4.89
587.8,4.90
587.9,4.90
588.1,4.90
588.2,4.90
588.4,4.90
588.5,4.90
588.7,4.90
588.8,4.89
589.0,4.89
589.1,4.88
589.3,4.88
589.4,4.88
589.6,4.87
589.7,4.87
589.9,4.87
590.0,4.87
590.2,4.87
590.3,4.87
590.5,4.86
590.6,4.86
590.8,4.86
590.9,4.86
591.1,4.86
591.2,4.86
591.4,4.87
591.5,4.89
591.7,4.89
591.8,4.75
592.0,2.76
592.1,-0.55
592.3,-3.86
592.4,-7.18
592.6,-10.49
592.7,-13.81
592.9,-17.12
593.0,-20.43
593.2,-23.74
593.3,-27.05
593.5,-30.36
593.7,-33.68
593.8,-37.00
594.0,-40.31
594.1,-43.64
594.3,-46.81
594.4,-48.13
594.6,-48.14
594.7,-48.14
594.9,-48.14
595.0,-48.13
595.2,-48.13
595.3,-48.13
595.5,-48.13
595.6,-48.13
595.8,-48.14
595.9,-48.14
596.1,-48.14
596.3,-48.14
596.4,-48.14
596.6,-48.14
596.7,-48.14
596.9,-48.14
597.0,-48.14
597.2,-48.14
597.3,-48.14
597.5,-48.14
597.6,-48.15
597.8,-48.15
597.9,-48.15
598.1,-48.15
598.2,-48.15
598.4,-48.15
598.5,-48.16
598.7,-48.16
598.9,-48.16
599.0,-48.16
599.2,-48.16
599.3,-48.16
599.5,-48.16
599.6,-48.16
599.8,-48.16
599.9,-48.15
600.1,-48.15
600.2,-47.61
600.4,-44.63
600.5,-41.62
600.7,-38.62
600.8,-35.62
601.0,-32.62
601.1,-29.62
601.3,-26.62
601.5,-23.62
601.6,-20.62
601.8,-17.62
601.9,-14.62
602.1,-11.62
602.2,-8.62
602.4,-5.62
602.5,-2.63
602.7,-0.17
602.8,-0.15
603.0,-0.15
603.1,-0.15
603.3,-0.15
603.4,-0.15
603.6,-0.15
603.7,-0.15
603.9,0.85
604.0,1.83
604.2,2.80
604.3,3.78
604.5,4.76
604.6,5.74
604.8,6.71
604.9,7.69
605.1,8.67
605.2,9.64
605.4,10.62
605.5,11.60
605.7,12.57
605.8,12.57
606.0,13.55
606.1,14.53
606.3,15.50
606.4,15.50
606.6,15.48
606.7,15.47
606.9,15.47
607.0,15.47
607.2,15.47
607.4,15.46
607.5,15.46
607.7,15.46
607.8,15.46
608.0,15.45
608.1,15.45
608.3,15.45
608.4,15.45
608.6,15.44
608.7,15.44
608.9,15.44
609.0,15.44
609.2,15.44
609.3,15.44
609.5,15.44
609.6,15.44
609.8,15.44
609.9,15.44
610.1,15.44
610.2,15.45
610.4,15.45
610.5,15.45
610.7,15.45
