0.0,-0.07
0.1,-0.06
0.3,-0.06
0.4,-0.06
0.6,-0.05
0.7,-0.05
0.9,-0.04
1.0,-0.04
1.2,-0.03
1.3,-0.03
1.5,-0.03
1.6,-0.02
1.8,-0.02
1.9,-0.01
2.1,-0.01
2.2,0.00
2.4,0.01
2.5,0.01
2.7,0.02
2.8,0.02
3.0,0.02
3.1,0.02
3.2,0.02
3.4,0.03
3.5,0.03
3.7,0.03
3.8,0.03
4.0,0.03
4.1,0.03
4.3,0.04
4.4,0.04
4.6,0.04
4.7,0.04
4.9,0.05
5.0,1.45
5.2,8.61
5.3,21.84
5.5,45.96
5.6,73.37
5.8,101.71
5.9,128.76
6.1,155.77
6.2,182.78
6.4,209.78
6.5,236.78
6.7,263.76
6.8,290.77
7.0,317.75
7.1,344.75
7.3,371.74
7.4,397.33
7.6,417.16
7.7,430.90
7.8,433.77
8.0,433.78
8.1,433.35
8.3,432.00
8.4,431.91
8.6,431.89
8.7,431.85
8.9,431.82
9.0,431.80
9.2,431.77
9.3,431.75
9.5,431.72
9.6,431.70
9.8,431.66
9.9,431.64
10.1,431.61
10.3,431.57
10.4,431.56
10.6,431.53
10.7,431.50
10.9,431.47
11.0,431.44
11.2,431.41
11.3,431.38
11.5,431.37
11.6,431.33
11.8,431.31
11.9,431.27
12.1,431.25
12.2,431.23
12.4,431.20
12.5,431.18
12.7,431.16
12.8,431.13
13.0,431.11
13.1,431.08
13.3,431.06
13.4,431.03
13.6,431.01
13.7,430.98
13.9,430.96
14.0,430.94
14.2,430.92
14.3,430.90
14.5,430.87
14.6,430.86
14.8,430.83
14.9,430.81
15.1,430.79
15.2,430.77
15.4,430.75
15.6,430.72
15.7,430.70
15.9,430.68
16.0,430.66
16.2,430.64
16.3,430.61
16.5,430.59
16.6,430.57
16.8,430.54
16.9,430.52
17.1,430.49
17.2,430.47
17.4,430.45
17.5,430.43
17.7,430.41
17.8,430.38
18.0,430.36
18.1,430.34
18.3,430.32
18.4,430.30
18.6,430.28
18.7,430.26
18.9,430.24
19.0,430.22
19.2,430.20
19.3,430.18
19.5,430.16
19.6,430.14
19.8,430.12
19.9,430.10
20.1,430.08
20.2,430.06
20.4,430.04
20.6,430.02
20.7,429.99
20.9,429.97
21.0,429.95
21.2,429.93
21.3,429.90
21.5,429.88
21.6,429.85
21.8,429.83
21.9,429.81
22.1,429.78
22.2,429.76
22.4,429.74
22.5,429.71
22.7,429.69
22.8,429.67
23.0,429.65
23.1,429.63
23.3,429.60
23.4,429.58
23.6,429.56
23.7,429.54
23.9,429.52
24.0,429.50
24.2,429.48
24.3,429.45
24.5,429.43
24.6,429.41
24.8,429.38
24.9,429.36
25.1,429.34
25.2,429.32
25.4,429.29
25.6,429.26
25.7,429.24
25.9,429.21
26.0,429.19
26.2,429.16
26.3,429.14
26.5,429.12
26.6,429.10
26.8,429.07
26.9,429.05
27.1,429.03
27.2,429.01
27.4,428.99
27.5,428.97
27.7,428.95
27.8,428.93
28.0,428.91
28.1,428.89
28.3,428.87
28.4,428.85
28.6,428.83
28.7,428.81
28.9,428.80
29.0,428.78
29.2,428.76
29.3,428.73
29.5,428.71
29.6,428.69
29.8,428.67
29.9,428.65
30.1,428.62
30.2,428.60
30.4,428.58
30.5,428.56
30.7,428.54
30.9,428.52
31.0,428.50
31.2,428.48
31.3,428.46
31.5,428.44
31.6,428.42
31.8,428.41
31.9,428.39
32.1,428.37
32.2,428.35
32.4,428.33
32.5,428.31
32.7,428.29
32.8,428.27
33.0,428.24
33.1,428.22
33.3,428.20
33.4,428.17
33.6,428.15
33.7,428.13
33.9,428.10
34.0,428.08
34.2,428.06
34.3,428.04
34.5,428.01
34.6,427.99
34.8,427.97
34.9,427.96
35.1,427.94
35.2,427.92
35.4,427.90
35.5,427.89
35.7,427.87
35.9,427.85
36.0,427.83
36.2,427.81
36.3,427.80
36.5,427.78
36.6,427.76
36.8,427.74
36.9,427.72
37.1,427.70
37.2,427.68
37.4,427.66
37.5,427.63
37.7,427.61
37.8,427.59
38.0,427.57
38.1,427.54
38.3,427.52
38.4,427.50
38.6,427.48
38.7,427.46
38.9,427.43
39.0,427.41
39.2,427.39
39.3,427.37
39.5,427.34
39.6,427.32
39.8,427.30
39.9,427.28
40.1,427.26
40.2,427.24
40.4,427.22
40.5,427.20
40.7,427.18
40.9,427.16
41.0,427.14
41.2,427.12
41.3,427.10
41.5,427.08
41.6,427.06
41.8,427.05
41.9,427.03
42.1,427.01
42.2,426.99
42.4,426.97
42.5,426.95
42.7,426.93
42.8,426.91
43.0,426.89
43.1,426.86
43.3,426.84
43.4,426.82
43.6,426.80
43.7,426.78
43.9,426.75
44.0,426.73
44.2,426.71
44.3,426.68
44.5,426.66
44.6,426.64
44.8,426.62
44.9,426.60
45.1,426.58
45.2,426.56
45.4,426.53
45.5,426.52
45.7,426.50
45.9,426.47
46.0,426.45
46.2,426.43
46.3,426.41
46.5,426.39
46.6,426.37
46.8,426.35
46.9,426.33
47.1,426.31
47.2,426.29
47.4,426.27
47.5,426.25
47.7,426.23
47.8,426.21
48.0,426.19
48.1,426.17
48.3,426.15
48.4,426.13
48.6,426.12
48.7,426.10
48.9,426.08
49.0,426.06
49.2,426.04
49.3,426.02
49.5,426.00
49.6,425.98
49.8,425.96
49.9,425.94
50.1,425.92
50.2,425.90
50.4,425.87
50.5,425.85
50.7,425.83
50.9,425.81
51.0,425.79
51.2,425.77
51.3,425.75
51.5,425.73
51.6,425.71
51.8,425.69
51.9,425.67
52.1,425.65
52.2,425.63
52.4,425.61
52.5,425.59
52.7,425.58
52.8,425.56
53.0,425.54
53.1,425.51
53.3,425.49
53.4,425.48
53.6,425.46
53.7,425.43
53.9,425.41
54.0,425.39
54.2,425.36
54.3,425.34
54.5,425.32
54.6,425.30
54.8,425.28
54.9,425.25
55.1,425.23
55.2,425.21
55.4,425.19
55.5,425.17
55.7,425.15
55.8,425.13
56.0,425.10
56.2,425.08
56.3,425.05
56.5,425.03
56.6,425.01
56.8,424.99
56.9,424.97
57.1,424.97
57.2,424.95
57.4,424.93
57.5,424.90
57.7,424.88
57.8,424.86
58.0,424.83
58.1,424.81
58.3,424.78
58.4,424.76
58.6,424.74
58.7,424.72
58.9,424.70
59.0,424.67
59.2,424.65
59.3,424.62
59.5,424.59
59.6,424.57
59.8,424.55
59.9,424.52
60.1,424.49
60.2,424.46
60.4,424.44
60.5,424.41
60.7,424.39
60.8,424.36
61.0,424.34
61.2,424.32
61.3,424.30
61.5,424.27
61.6,424.25
61.8,424.22
61.9,424.20
62.1,424.18
62.2,424.16
62.4,424.13
62.5,424.11
62.7,424.09
62.8,424.07
63.0,424.05
63.1,424.03
63.3,424.00
63.4,423.98
63.6,423.95
63.7,423.93
63.9,423.90
64.0,423.88
64.2,423.85
64.3,423.83
64.5,423.80
64.6,423.78
64.8,423.75
64.9,423.73
65.1,423.71
65.2,423.68
65.4,423.66
65.5,423.63
65.7,423.61
65.8,423.58
66.0,423.56
66.2,423.54
66.3,423.52
66.5,423.50
66.6,423.48
66.8,423.46
66.9,423.44
67.1,423.43
67.2,423.41
67.4,423.39
67.5,423.37
67.7,423.36
67.8,423.34
68.0,423.33
68.1,423.31
68.3,423.29
68.4,423.28
68.6,423.26
68.7,423.24
68.9,423.22
69.0,423.21
69.2,423.19
69.3,423.17
69.5,423.15
69.6,423.13
69.8,423.11
69.9,423.09
70.1,423.08
70.2,423.05
70.4,423.04
70.5,423.02
70.7,423.00
70.8,422.98
71.0,422.97
71.2,422.95
71.3,422.94
71.5,422.92
71.6,422.91
71.8,422.89
71.9,422.87
72.1,422.86
72.2,422.84
72.4,422.83
72.5,422.82
72.7,422.80
72.8,422.79
73.0,422.77
73.1,422.76
73.3,422.74
73.4,422.72
73.6,422.69
73.7,422.67
73.9,422.65
74.0,422.63
74.2,422.61
74.3,422.59
74.5,422.57
74.6,422.55
74.8,422.52
74.9,422.50
75.1,422.48
75.2,422.46
75.4,422.44
75.5,422.41
75.7,422.39
75.8,422.37
76.0,422.35
76.2,422.33
76.3,422.30
76.5,422.28
76.6,422.26
76.8,422.24
76.9,422.22
77.1,422.20
77.2,422.18
77.4,422.15
77.5,422.13
77.7,422.11
77.8,422.09
78.0,422.07
78.1,422.05
78.3,422.03
78.4,422.01
78.6,421.99
78.7,421.97
78.9,421.95
79.0,421.93
79.2,421.91
79.3,421.90
79.5,421.88
79.6,421.87
79.8,421.85
79.9,421.83
80.1,421.82
80.2,421.80
80.4,421.78
80.5,421.77
80.7,421.75
80.8,421.74
81.0,421.72
81.1,421.71
81.3,421.69
81.5,421.67
81.6,421.66
81.8,421.64
81.9,421.63
82.1,421.61
82.2,421.59
82.4,421.58
82.5,421.56
82.7,421.55
82.8,421.53
83.0,421.52
83.1,421.50
83.3,421.48
83.4,421.47
83.6,421.46
83.7,421.46
83.9,421.44
84.0,421.43
84.2,421.41
84.3,421.40
84.5,421.38
84.6,421.36
84.8,421.34
84.9,421.33
85.1,421.31
85.2,421.30
85.4,421.28
85.5,421.26
85.7,421.25
85.8,421.23
86.0,421.21
86.1,421.19
86.3,421.18
86.5,421.16
86.6,421.15
86.8,421.13
86.9,421.12
87.1,421.10
87.2,421.08
87.4,421.07
87.5,421.05
87.7,421.03
87.8,421.01
88.0,420.99
88.1,420.97
88.3,420.95
88.4,420.93
88.6,420.91
88.7,420.89
88.9,420.88
89.0,420.86
89.2,420.84
89.3,420.82
89.5,420.80
89.6,420.78
89.8,420.76
89.9,420.74
90.1,420.72
90.2,420.70
90.4,420.68
90.5,420.66
90.7,420.64
90.8,420.62
91.0,420.60
91.1,420.58
91.3,420.56
91.5,420.53
91.6,420.51
91.8,420.49
91.9,420.47
92.1,420.45
92.2,420.44
92.4,420.42
92.5,420.40
92.7,420.39
92.8,420.37
93.0,420.35
93.1,420.34
93.3,420.32
93.4,420.30
93.6,420.28
93.7,420.26
93.9,420.24
94.0,420.23
94.2,420.21
94.3,420.19
94.5,420.17
94.6,420.15
94.8,420.13
94.9,420.11
95.1,420.09
95.2,420.06
95.4,420.04
95.5,420.02
95.7,420.00
95.8,419.98
96.0,419.96
96.1,419.94
96.3,419.92
96.5,419.90
96.6,419.88
96.8,419.86
96.9,419.84
97.1,419.82
97.2,419.80
97.4,419.78
97.5,419.76
97.7,419.74
97.8,419.72
98.0,419.70
98.1,419.68
98.3,419.67
98.4,419.65
98.6,419.63
98.7,419.61
98.9,419.59
99.0,419.57
99.2,419.55
99.3,419.53
99.5,419.51
99.6,419.49
99.8,419.48
99.9,419.46
100.1,419.45
100.2,419.43
100.4,419.42
100.5,419.40
100.7,419.38
100.9,419.37
101.0,419.35
101.2,419.34
101.3,419.32
101.5,419.30
101.6,419.28
101.8,419.26
101.9,419.24
102.1,419.22
102.2,419.20
102.4,419.18
102.5,419.16
102.7,419.14
102.8,419.12
103.0,419.10
103.1,419.08
103.3,419.06
103.5,419.04
103.6,419.02
103.8,419.00
103.9,418.98
104.1,418.96
104.2,418.95
104.4,418.93
104.5,418.91
104.7,418.90
104.8,418.88
105.0,418.86
105.1,418.85
105.3,418.83
105.4,418.81
105.6,418.80
105.7,418.78
105.9,418.76
106.1,418.74
106.2,418.73
106.4,418.71
106.5,418.69
106.7,418.67
106.8,418.65
107.0,418.63
107.1,418.61
107.3,418.59
107.4,418.57
107.6,418.54
107.7,418.52
107.9,418.50
108.0,418.48
108.2,418.45
108.4,418.43
108.5,418.41
108.7,418.39
108.8,418.37
109.0,418.34
109.1,418.32
109.3,418.30
109.4,418.28
109.6,418.26
109.7,418.24
109.9,418.22
110.0,418.20
110.2,418.18
110.3,418.16
110.5,418.14
110.6,418.12
110.8,418.10
111.0,418.08
111.1,418.06
111.3,418.05
111.4,418.03
111.6,418.01
111.7,417.99
111.9,417.97
112.0,417.96
112.2,417.94
112.3,417.92
112.5,417.89
112.6,417.87
112.8,417.85
112.9,417.83
113.1,417.81
113.2,417.79
113.4,417.77
113.6,417.75
113.7,417.73
113.9,417.71
114.0,417.68
114.2,417.66
114.3,417.64
114.5,417.62
114.6,417.60
114.8,417.58
114.9,417.56
115.1,417.54
115.2,417.52
115.4,417.50
115.5,417.48
115.7,417.47
115.9,417.45
116.0,417.43
116.2,417.41
116.3,417.39
116.5,417.37
116.6,417.35
116.8,417.33
116.9,417.32
117.1,417.30
117.2,417.28
117.4,417.26
117.5,417.23
117.7,417.21
117.8,417.18
118.0,417.16
118.1,417.14
118.3,417.14
118.5,417.12
118.6,417.10
118.8,417.07
118.9,417.05
119.1,417.03
119.2,417.00
119.4,416.98
119.5,416.96
119.7,416.94
119.8,416.92
120.0,416.90
120.1,416.88
120.3,416.86
120.4,416.84
120.6,416.82
120.7,416.80
120.9,416.78
121.1,416.75
121.2,416.73
121.4,416.71
121.5,416.69
121.7,416.67
121.8,416.66
122.0,416.64
122.1,416.62
122.3,416.60
122.4,416.58
122.6,416.55
122.7,416.53
122.9,416.52
123.0,416.50
123.2,416.48
123.4,416.46
123.5,416.45
123.7,416.43
123.8,416.41
124.0,416.38
124.1,416.36
124.3,416.34
124.4,416.32
124.6,416.30
124.7,416.28
124.9,416.26
125.0,416.24
125.2,416.21
125.3,416.19
125.5,416.17
125.6,416.15
125.8,416.13
126.0,416.10
126.1,416.08
126.3,416.06
126.4,416.04
126.6,416.02
126.7,416.00
126.9,415.99
127.0,415.97
127.2,415.95
127.3,415.93
127.5,415.91
127.6,415.89
127.8,415.88
127.9,415.86
128.1,415.84
128.3,415.82
128.4,415.80
128.6,415.78
128.7,415.77
128.9,415.75
129.0,415.73
129.2,415.71
129.3,415.69
129.5,415.68
129.6,415.65
129.8,415.63
129.9,415.61
130.1,415.59
130.2,415.56
130.4,415.54
130.5,415.52
130.7,415.50
130.9,415.47
131.0,415.45
131.2,415.43
131.3,415.40
131.5,415.38
131.6,415.36
131.8,415.34
131.9,415.32
132.1,415.30
132.2,415.28
132.4,415.26
132.5,415.24
132.7,415.23
132.8,415.21
133.0,415.19
133.1,415.18
133.3,415.16
133.5,415.15
133.6,415.13
133.8,415.12
133.9,415.10
134.1,415.09
134.2,415.07
134.4,415.05
134.5,415.03
134.7,415.01
134.8,414.99
135.0,414.97
135.1,414.95
135.3,414.93
135.4,414.91
135.6,414.89
135.8,414.87
135.9,414.85
136.1,414.82
136.2,414.80
136.4,414.77
136.5,414.75
136.7,414.73
136.8,414.71
137.0,414.68
137.1,414.66
137.3,414.64
137.4,414.62
137.6,414.60
137.7,414.57
137.9,414.55
138.0,414.53
138.2,414.51
138.4,414.49
138.5,414.47
138.7,414.45
138.8,414.43
139.0,414.41
139.1,414.39
139.3,414.37
139.4,414.35
139.6,414.33
139.7,414.31
139.9,414.29
140.0,414.27
140.2,414.25
140.3,414.24
140.5,414.22
140.6,414.20
140.8,414.18
141.0,414.16
141.1,414.14
141.3,414.12
141.4,414.10
141.6,414.08
141.7,414.06
141.9,414.04
142.0,414.01
142.2,413.99
142.3,413.97
142.5,413.95
142.6,413.93
142.8,413.91
142.9,413.89
143.1,413.87
143.2,413.85
143.4,413.83
143.6,413.81
143.7,413.78
143.9,413.76
144.0,413.74
144.2,413.72
144.3,413.70
144.5,413.68
144.6,413.66
144.8,413.64
144.9,413.61
145.1,413.59
145.2,413.56
145.4,413.54
145.5,413.51
145.7,413.49
145.9,413.46
146.0,413.44
146.2,413.41
146.3,413.39
146.5,413.37
146.6,413.35
146.8,413.33
146.9,413.31
147.1,413.29
147.2,413.28
147.4,413.26
147.5,413.24
147.7,413.22
147.8,413.20
148.0,413.19
148.1,413.17
148.3,413.15
148.5,413.13
148.6,413.11
148.8,413.09
148.9,413.07
149.1,413.04
149.2,413.02
149.4,412.99
149.5,412.97
149.7,412.94
149.8,412.92
150.0,412.89
150.1,412.87
150.3,412.84
150.4,412.81
150.6,412.78
150.8,412.75
150.9,412.73
151.1,412.70
151.2,412.67
151.4,412.67
151.5,412.65
151.7,412.62
151.8,412.60
152.0,412.57
152.1,412.55
152.3,412.53
152.4,412.51
152.6,412.49
152.7,412.47
152.9,412.45
153.0,412.43
153.2,412.42
153.4,412.40
153.5,412.38
153.7,412.36
153.8,412.36
154.0,412.34
154.1,412.32
154.3,412.30
154.4,412.27
154.6,412.25
154.7,412.22
154.9,412.20
155.0,412.20
155.2,412.17
155.3,412.14
155.5,412.11
155.6,412.09
155.8,412.07
156.0,412.05
156.1,412.04
156.3,412.02
156.4,412.00
156.6,411.96
156.7,411.92
156.9,411.88
157.0,411.84
157.2,411.80
157.3,411.78
157.5,411.76
157.6,411.73
157.8,411.69
157.9,411.66
158.1,411.63
158.2,411.58
158.4,411.54
158.6,411.49
158.7,411.44
158.9,411.40
159.0,411.37
159.2,411.34
159.3,411.32
159.5,411.30
159.6,411.28
159.8,411.25
159.9,411.22
160.1,411.19
160.2,411.16
160.4,411.14
160.5,411.12
160.7,411.10
160.9,411.10
161.0,411.10
161.2,411.19
161.3,411.51
161.5,411.79
161.6,412.04
161.8,412.31
161.9,412.51
162.1,412.86
162.2,412.98
162.4,413.18
162.5,413.41
162.7,413.59
162.8,413.77
163.0,413.99
163.1,414.18
163.3,414.31
163.5,414.47
163.6,414.54
163.8,414.59
163.9,414.40
164.1,414.26
164.2,414.11
164.4,414.05
164.5,413.92
164.7,413.83
164.8,413.71
165.0,413.67
165.1,413.61
165.3,413.48
165.4,413.39
165.6,413.30
165.8,413.16
165.9,413.06
166.1,413.00
166.2,412.93
166.4,412.82
166.5,412.68
166.7,412.54
166.8,412.38
167.0,412.27
167.1,412.16
167.3,412.04
167.4,411.96
167.6,411.84
167.7,411.74
167.9,411.64
168.0,411.54
168.2,411.42
168.4,411.33
168.5,411.21
168.7,411.09
168.8,410.97
169.0,410.86
169.1,410.77
169.3,410.68
169.4,410.59
169.6,410.49
169.7,410.40
169.9,410.31
170.0,410.23
170.2,410.17
170.3,410.09
170.5,410.01
170.6,409.95
170.8,409.86
171.0,409.80
171.1,409.73
171.3,409.69
171.4,409.63
171.6,409.58
171.7,409.52
171.9,409.47
172.0,409.41
172.2,409.36
172.3,409.30
172.5,409.24
172.6,409.20
172.8,409.12
172.9,409.05
173.1,408.99
173.3,408.92
173.4,408.86
173.6,408.79
173.7,408.73
173.9,408.66
174.0,408.62
174.2,408.56
174.3,408.50
174.5,408.44
174.6,408.39
174.8,408.35
174.9,408.29
175.1,408.26
175.2,408.20
175.4,408.16
175.5,408.11
175.7,408.07
175.9,408.04
176.0,408.00
176.2,407.96
176.3,407.92
176.5,407.91
176.6,407.88
176.8,407.82
176.9,407.78
177.1,407.73
177.2,407.68
177.4,407.63
177.5,407.61
177.7,407.55
177.8,407.51
178.0,407.46
178.1,407.41
178.3,407.37
178.5,407.32
178.6,407.27
178.8,407.23
178.9,407.20
179.1,407.15
179.2,407.11
179.4,407.10
179.5,407.07
179.7,407.04
179.8,407.00
180.0,406.96
180.1,406.91
180.3,406.88
180.4,406.87
180.6,406.83
180.7,406.79
180.9,406.75
181.1,406.72
181.2,406.68
181.4,406.65
181.5,406.60
181.7,406.57
181.8,406.52
182.0,406.48
182.1,406.43
182.3,406.38
182.4,406.35
182.6,406.31
182.7,406.25
182.9,406.21
183.0,406.15
183.2,406.09
183.4,406.04
183.5,405.99
183.7,405.93
183.8,405.88
184.0,405.83
184.1,405.79
184.3,405.74
184.4,405.70
184.6,405.65
184.7,405.61
184.9,405.58
185.0,405.53
185.2,405.50
185.3,405.47
185.5,405.45
185.6,405.42
185.8,405.40
186.0,405.37
186.1,405.35
186.3,405.32
186.4,405.29
186.6,405.26
186.7,405.23
186.9,405.20
187.0,405.17
187.2,405.15
187.3,405.11
187.5,405.08
187.6,405.04
187.8,405.02
187.9,404.98
188.1,404.94
188.3,404.91
188.4,404.88
188.6,404.84
188.7,404.80
188.9,404.76
189.0,404.72
189.2,404.68
189.3,404.64
189.5,404.60
189.6,404.56
189.8,404.52
189.9,404.48
190.1,404.45
190.2,404.42
190.4,404.38
190.5,404.35
190.7,404.32
190.9,404.28
191.0,404.25
191.2,404.22
191.3,404.19
191.5,404.15
191.6,404.11
191.8,404.09
191.9,404.06
192.1,404.03
192.2,404.00
192.4,403.96
192.5,403.93
192.7,403.89
192.8,403.86
193.0,403.82
193.1,403.79
193.3,403.75
193.5,403.72
193.6,403.70
193.8,403.67
193.9,403.64
194.1,403.62
194.2,403.61
194.4,403.59
194.5,403.56
194.7,403.53
194.8,403.50
195.0,403.47
195.1,403.45
195.3,403.42
195.4,403.43
195.6,403.41
195.8,403.41
195.9,403.40
196.1,403.40
196.2,403.41
196.4,403.40
196.5,403.39
196.7,403.38
196.8,403.37
197.0,403.35
197.1,403.34
197.3,403.33
197.4,403.33
197.6,403.33
197.7,403.32
197.9,403.32
198.0,403.31
198.2,403.27
198.4,403.25
198.5,403.23
198.7,403.20
198.8,403.15
199.0,403.12
199.1,403.10
199.3,403.07
199.4,403.04
199.6,403.01
199.7,402.99
199.9,402.96
200.0,402.94
200.2,402.91
200.3,402.88
200.5,402.84
200.6,402.80
200.8,402.76
201.0,402.73
201.1,402.69
201.3,402.66
201.4,402.62
201.6,402.59
201.7,402.55
201.9,402.52
202.0,402.50
202.2,402.47
202.3,402.44
202.5,402.40
202.6,402.36
202.8,402.33
202.9,402.29
203.1,402.26
203.3,402.24
203.4,402.21
203.6,402.18
203.7,402.16
203.9,402.13
204.0,402.10
204.2,402.08
204.3,402.06
204.5,402.05
204.6,402.02
204.8,401.99
204.9,401.96
205.1,401.95
205.2,401.95
205.4,401.94
205.5,401.92
205.7,401.91
205.9,401.90
206.0,401.88
206.2,401.86
206.3,401.84
206.5,401.81
206.6,401.79
206.8,401.76
206.9,401.74
207.1,401.71
207.2,401.68
207.4,401.66
207.5,401.64
207.7,401.62
207.8,401.59
208.0,401.57
208.1,401.54
208.3,401.51
208.5,401.49
208.6,401.46
208.8,401.45
208.9,401.43
209.1,401.42
209.2,401.40
209.4,401.38
209.5,401.36
209.7,401.34
209.8,401.33
210.0,401.31
210.1,401.30
210.3,401.27
210.4,401.25
210.6,401.24
210.7,401.24
210.9,401.22
211.1,401.21
211.2,401.20
211.4,401.17
211.5,401.15
211.7,401.13
211.8,401.11
212.0,401.09
212.1,401.07
212.3,401.06
212.4,401.05
212.6,401.05
212.7,401.04
212.9,401.03
213.0,401.02
213.2,401.00
213.4,400.98
213.5,400.95
213.7,400.93
213.8,400.91
214.0,400.89
214.1,400.88
214.3,400.86
214.4,400.85
214.6,400.84
214.7,400.82
214.9,400.81
215.0,400.78
215.2,400.75
215.3,400.72
215.5,400.68
215.6,400.66
215.8,400.64
216.0,400.62
216.1,400.59
216.3,400.57
216.4,400.54
216.6,400.51
216.7,400.49
216.9,400.46
217.0,400.43
217.2,400.41
217.3,400.39
217.5,400.36
217.6,400.33
217.8,400.31
217.9,400.28
218.1,400.24
218.2,400.21
218.4,400.17
218.6,400.14
218.7,400.12
218.9,400.10
219.0,400.08
219.2,400.07
219.3,400.05
219.5,400.04
219.6,400.06
219.8,400.05
219.9,400.04
220.1,400.02
220.2,400.01
220.4,400.01
220.5,400.00
220.7,399.99
220.9,399.98
221.0,399.97
221.2,399.94
221.3,399.92
221.5,399.90
221.6,399.86
221.8,399.84
221.9,399.81
222.1,399.80
222.2,399.77
222.4,399.73
222.5,399.69
222.7,399.66
222.8,399.63
223.0,399.61
223.1,399.58
223.3,399.56
223.5,399.53
223.6,399.52
223.8,399.50
223.9,399.48
224.1,399.46
224.2,399.43
224.4,399.42
224.5,399.39
224.7,399.37
224.8,399.34
225.0,399.32
225.1,399.31
225.3,399.29
225.4,399.27
225.6,399.24
225.7,399.22
225.9,399.19
226.1,399.18
226.2,399.15
226.4,399.14
226.5,399.12
226.7,399.12
226.8,399.09
227.0,399.06
227.1,399.03
227.3,398.99
227.4,398.96
227.6,398.92
227.7,398.90
227.9,398.86
228.0,398.84
228.2,398.80
228.4,398.77
228.5,398.74
228.7,398.71
228.8,398.68
229.0,398.65
229.1,398.62
229.3,398.60
229.4,398.56
229.6,398.54
229.7,398.52
229.9,398.51
230.0,398.50
230.2,398.48
230.3,398.45
230.5,398.44
230.6,398.41
230.8,398.39
231.0,398.37
231.1,398.35
231.3,398.33
231.4,398.31
231.6,398.27
231.7,398.23
231.9,398.18
232.0,398.06
232.2,397.88
232.3,397.68
232.5,397.49
232.6,397.29
232.8,397.09
232.9,396.90
233.1,396.70
233.2,396.51
233.4,396.31
233.6,396.12
233.7,395.92
233.9,395.73
234.0,395.55
234.2,395.37
234.3,395.21
234.5,395.12
234.6,395.09
234.8,395.08
234.9,395.06
235.1,395.04
235.2,395.01
235.4,394.98
235.5,394.95
235.7,394.92
235.9,394.89
236.0,394.86
236.2,394.83
236.3,394.80
236.5,394.77
236.6,394.74
236.8,394.71
236.9,394.69
237.1,394.65
237.2,394.63
237.4,394.60
237.5,394.58
237.7,394.56
237.8,394.55
238.0,394.53
238.1,394.51
238.3,394.50
238.5,394.49
238.6,394.48
238.8,394.46
238.9,394.45
239.1,394.44
239.2,394.43
239.4,394.41
239.5,394.40
239.7,394.39
239.8,394.37
240.0,394.35
240.1,394.34
240.3,394.32
240.4,394.30
240.6,394.28
240.8,394.26
240.9,394.24
241.1,394.21
241.2,394.19
241.4,394.17
241.5,394.15
241.7,394.12
241.8,394.10
242.0,394.07
242.1,394.05
242.3,394.03
242.4,394.01
242.6,393.98
242.7,393.95
242.9,393.93
243.0,393.91
243.2,393.88
243.4,393.86
243.5,393.84
243.7,393.82
243.8,393.79
244.0,393.77
244.1,393.75
244.3,393.73
244.4,393.70
244.6,393.68
244.7,393.66
244.9,393.63
245.0,393.61
245.2,393.59
245.3,393.58
245.5,393.56
245.6,393.54
245.8,393.52
246.0,393.50
246.1,393.47
246.3,393.46
246.4,393.44
246.6,393.42
246.7,393.40
246.9,393.38
247.0,393.36
247.2,393.34
247.3,393.33
247.5,393.31
247.6,393.30
247.8,393.28
247.9,393.26
248.1,393.25
248.3,393.23
248.4,393.21
248.6,393.19
248.7,393.17
248.9,393.15
249.0,393.13
249.2,393.12
249.3,393.10
249.5,393.08
249.6,393.06
249.8,393.04
249.9,393.02
250.1,393.00
250.2,392.98
250.4,392.96
250.5,392.94
250.7,392.92
250.9,392.90
251.0,392.88
251.2,392.86
251.3,392.84
251.5,392.82
251.6,392.80
251.8,392.78
251.9,392.76
252.1,392.74
252.2,392.72
252.4,392.70
252.5,392.68
252.7,392.68
252.8,392.66
253.0,392.63
253.1,392.61
253.3,392.59
253.5,392.56
253.6,392.54
253.8,392.52
253.9,392.49
254.1,392.47
254.2,392.45
254.4,392.43
254.5,392.41
254.7,392.39
254.8,392.37
255.0,392.35
255.1,392.32
255.3,392.30
255.4,392.27
255.6,392.25
255.8,392.22
255.9,392.20
256.1,392.17
256.2,392.15
256.4,392.12
256.5,392.09
256.7,392.07
256.8,392.04
257.0,392.01
257.1,391.98
257.3,391.96
257.4,391.93
257.6,391.91
257.7,391.89
257.9,391.87
258.0,391.85
258.2,391.84
258.4,391.82
258.5,391.79
258.7,391.77
258.8,391.74
259.0,391.71
259.1,391.68
259.3,391.66
259.4,391.63
259.6,391.61
259.7,391.58
259.9,391.56
260.0,391.53
260.2,391.51
260.3,391.48
260.5,391.45
260.6,391.42
260.8,391.40
261.0,391.38
261.1,391.37
261.3,391.35
261.4,391.34
261.6,391.32
261.7,391.31
261.9,391.29
262.0,391.28
262.2,391.26
262.3,391.24
262.5,391.22
262.6,391.20
262.8,391.18
262.9,391.17
263.1,391.15
263.3,391.13
263.4,391.11
263.6,391.09
263.7,391.07
263.9,391.05
264.0,391.03
264.2,391.01
264.3,390.99
264.5,390.97
264.6,390.96
264.8,390.94
264.9,390.92
265.1,390.90
265.2,390.89
265.4,390.87
265.5,390.85
265.7,390.83
265.9,390.81
266.0,390.79
266.2,390.77
266.3,390.75
266.5,390.73
266.6,390.71
266.8,390.68
266.9,390.66
267.1,390.64
267.2,390.61
267.4,390.59
267.5,390.57
267.7,390.54
267.8,390.52
268.0,390.50
268.1,390.47
268.3,390.45
268.5,390.43
268.6,390.41
268.8,390.39
268.9,390.37
269.1,390.36
269.2,390.34
269.4,390.32
269.5,390.31
269.7,390.29
269.8,390.27
270.0,390.25
270.1,390.24
270.3,390.22
270.4,390.20
270.6,390.18
270.8,390.17
270.9,390.15
271.1,390.13
271.2,390.11
271.4,390.09
271.5,390.06
271.7,390.04
271.8,390.02
272.0,390.00
272.1,389.98
272.3,389.97
272.4,389.95
272.6,389.93
272.7,389.91
272.9,389.90
273.0,389.88
273.2,389.86
273.4,389.84
273.5,389.82
273.7,389.80
273.8,389.79
274.0,389.77
274.1,389.75
274.3,389.73
274.4,389.71
274.6,389.69
274.7,389.67
274.9,389.65
275.0,389.62
275.2,389.60
275.3,389.58
275.5,389.55
275.7,389.53
275.8,389.51
276.0,389.49
276.1,389.47
276.3,389.46
276.4,389.44
276.6,389.42
276.7,389.41
276.9,389.38
277.0,389.36
277.2,389.34
277.3,389.32
277.5,389.30
277.6,389.28
277.8,389.26
277.9,389.24
278.1,389.22
278.3,389.20
278.4,389.18
278.6,389.16
278.7,389.14
278.9,389.11
279.0,389.09
279.2,389.07
279.3,389.05
279.5,389.03
279.6,389.01
279.8,388.99
279.9,388.97
280.1,388.95
280.2,388.93
280.4,388.90
280.5,388.88
280.7,388.86
280.9,388.84
281.0,388.82
281.2,388.79
281.3,388.76
281.5,388.74
281.6,388.71
281.8,388.69
281.9,388.67
282.1,388.65
282.2,388.63
282.4,388.61
282.5,388.59
282.7,388.57
282.8,388.54
283.0,388.52
283.2,388.49
283.3,388.47
283.5,388.45
283.6,388.43
283.8,388.40
283.9,388.38
284.1,388.36
284.2,388.34
284.4,388.32
284.5,388.30
284.7,388.29
284.8,388.27
285.0,388.25
285.1,388.24
285.3,388.22
285.4,388.21
285.6,388.20
285.8,388.18
285.9,388.17
286.1,388.15
286.2,388.13
286.4,388.11
286.5,388.10
286.7,388.08
286.8,388.06
287.0,388.04
287.1,388.02
287.3,388.00
287.4,387.98
287.6,387.96
287.7,387.94
287.9,387.92
288.0,387.90
288.2,387.88
288.4,387.86
288.5,387.84
288.7,387.82
288.8,387.80
289.0,387.78
289.1,387.76
289.3,387.74
289.4,387.72
289.6,387.70
289.7,387.68
289.9,387.66
290.0,387.64
290.2,387.62
290.3,387.60
290.5,387.58
290.7,387.56
290.8,387.55
291.0,387.53
291.1,387.51
291.3,387.49
291.4,387.47
291.6,387.46
291.7,387.44
291.9,387.42
292.0,387.41
292.2,387.39
292.3,387.37
292.5,387.35
292.6,387.33
292.8,387.30
292.9,387.28
293.1,387.26
293.3,387.24
293.4,387.22
293.6,387.19
293.7,387.17
293.9,387.15
294.0,387.12
294.2,387.10
294.3,387.07
294.5,387.05
294.6,387.03
294.8,387.01
294.9,386.99
295.1,386.97
295.2,386.95
295.4,386.93
295.5,386.91
295.7,386.89
295.9,386.87
296.0,386.85
296.2,386.83
296.3,386.81
296.5,386.79
296.6,386.77
296.8,386.75
296.9,386.73
297.1,386.71
297.2,386.68
297.4,386.66
297.5,386.63
297.7,386.60
297.8,386.58
298.0,386.56
298.2,386.53
298.3,386.51
298.5,386.48
298.6,386.45
298.8,386.43
298.9,386.41
299.1,386.38
299.2,386.36
299.4,386.33
299.5,386.31
299.7,386.29
299.8,386.26
300.0,386.24
300.1,386.22
300.3,386.19
300.4,386.17
300.6,386.15
300.8,386.13
300.9,386.11
301.1,386.09
301.2,386.07
301.4,386.05
301.5,386.03
301.7,386.02
301.8,386.00
302.0,385.98
302.1,385.96
302.3,385.95
302.4,385.93
302.6,385.91
302.7,385.89
302.9,385.88
303.1,385.86
303.2,385.84
303.4,385.83
303.5,385.81
303.7,385.80
303.8,385.78
304.0,385.76
304.1,385.74
304.3,385.72
304.4,385.70
304.6,385.68
304.7,385.66
304.9,385.64
305.0,385.62
305.2,385.60
305.3,385.58
305.5,385.56
305.7,385.54
305.8,385.52
306.0,385.50
306.1,385.47
306.3,385.45
306.4,385.43
306.6,385.41
306.7,385.39
306.9,385.37
307.0,385.35
307.2,385.33
307.3,385.30
307.5,385.28
307.6,385.26
307.8,385.24
308.0,385.21
308.1,385.19
308.3,385.17
308.4,385.15
308.6,385.13
308.7,385.11
308.9,385.09
309.0,385.07
309.2,385.05
309.3,385.03
309.5,385.01
309.6,384.99
309.8,384.97
309.9,384.96
310.1,384.94
310.2,384.93
310.4,384.91
310.6,384.89
310.7,384.87
310.9,384.85
311.0,384.83
311.2,384.82
311.3,384.80
311.5,384.78
311.6,384.76
311.8,384.74
311.9,384.72
312.1,384.70
312.2,384.67
312.4,384.65
312.5,384.63
312.7,384.61
312.8,384.59
313.0,384.56
313.2,384.54
313.3,384.52
313.5,384.50
313.6,384.48
313.8,384.46
313.9,384.44
314.1,384.42
314.2,384.40
314.4,384.38
314.5,384.36
314.7,384.34
314.8,384.32
315.0,384.30
315.1,384.29
315.3,384.27
315.5,384.25
315.6,384.23
315.8,384.22
315.9,384.20
316.1,384.18
316.2,384.17
316.4,384.15
316.5,384.14
316.7,384.12
316.8,384.10
317.0,384.08
317.1,384.07
317.3,384.05
317.4,384.02
317.6,384.00
317.7,383.98
317.9,383.96
318.1,383.94
318.2,383.91
318.4,383.89
318.5,383.87
318.7,383.84
318.8,383.82
319.0,383.80
319.1,383.78
319.3,383.76
319.4,383.74
319.6,383.73
319.7,383.71
319.9,383.69
320.0,383.68
320.2,383.66
320.3,383.65
320.5,383.64
320.7,383.63
320.8,383.61
321.0,383.60
321.1,383.59
321.3,383.57
321.4,383.55
321.6,383.53
321.7,383.52
321.9,383.50
322.0,383.47
322.2,383.45
322.3,383.43
322.5,383.41
322.6,383.38
322.8,383.36
323.0,383.33
323.1,383.30
323.3,383.28
323.4,383.25
323.6,383.23
323.7,383.20
323.9,383.18
324.0,383.16
324.2,383.13
324.3,383.11
324.5,383.10
324.6,383.08
324.8,383.06
324.9,383.04
325.1,383.02
325.2,383.00
325.4,382.98
325.6,382.96
325.7,382.94
325.9,382.92
326.0,382.90
326.2,382.88
326.3,382.86
326.5,382.85
326.6,382.83
326.8,382.80
326.9,382.79
327.1,382.76
327.2,382.74
327.4,382.72
327.5,382.70
327.7,382.69
327.8,382.67
328.0,382.65
328.2,382.63
328.3,382.62
328.5,382.60
328.6,382.58
328.8,382.57
328.9,382.55
329.1,382.53
329.2,382.52
329.4,382.50
329.5,382.48
329.7,382.46
329.8,382.45
330.0,382.43
330.1,382.41
330.3,382.39
330.5,382.37
330.6,382.35
330.8,382.33
330.9,382.31
331.1,382.29
331.2,382.27
331.4,382.25
331.5,382.23
331.7,382.21
331.8,382.19
332.0,382.18
332.1,382.16
332.3,382.14
332.4,382.12
332.6,382.11
332.7,382.09
332.9,382.07
333.1,382.05
333.2,382.03
333.4,382.02
333.5,382.00
333.7,381.98
333.8,381.97
334.0,381.95
334.1,381.93
334.3,381.92
334.4,381.90
334.6,381.88
334.7,381.87
334.9,381.85
335.0,381.83
335.2,381.82
335.4,381.80
335.5,381.78
335.7,381.76
335.8,381.75
336.0,381.73
336.1,381.71
336.3,381.70
336.4,381.68
336.6,381.66
336.7,381.65
336.9,381.63
337.0,381.61
337.2,381.59
337.3,381.57
337.5,381.55
337.6,381.54
337.8,381.52
338.0,381.50
338.1,381.49
338.3,381.47
338.4,381.45
338.6,381.44
338.7,381.42
338.9,381.40
339.0,381.39
339.2,381.37
339.3,381.35
339.5,381.33
339.6,381.31
339.8,381.30
339.9,381.28
340.1,381.26
340.2,381.24
340.4,381.22
340.6,381.20
340.7,381.18
340.9,381.15
341.0,381.13
341.2,381.11
341.3,381.08
341.5,381.06
341.6,381.04
341.8,381.02
341.9,380.99
342.1,380.97
342.2,380.95
342.4,380.93
342.5,380.91
342.7,380.88
342.9,380.87
343.0,380.85
343.2,380.82
343.3,380.80
343.5,380.78
343.6,380.77
343.8,380.75
343.9,380.74
344.1,380.72
344.2,380.70
344.4,380.69
344.5,380.67
344.7,380.66
344.8,380.64
345.0,380.63
345.1,380.62
345.3,380.60
345.5,380.58
345.6,380.57
345.8,380.55
345.9,380.54
346.1,380.52
346.2,380.50
346.4,380.47
346.5,380.46
346.7,380.44
346.8,380.42
347.0,380.39
347.1,380.37
347.3,380.34
347.4,380.32
347.6,380.29
347.8,380.27
347.9,380.24
348.1,380.22
348.2,380.19
348.4,380.16
348.5,380.14
348.7,380.12
348.8,380.09
349.0,380.07
349.1,380.04
349.3,380.02
349.4,380.00
349.6,379.98
349.7,379.95
349.9,379.93
350.0,379.91
350.2,379.89
350.4,379.88
350.5,379.86
350.7,379.84
350.8,379.82
351.0,379.81
351.1,379.79
351.3,379.77
351.4,379.76
351.6,379.74
351.7,379.73
351.9,379.71
352.0,379.69
352.2,379.68
352.3,379.66
352.5,379.64
352.6,379.62
352.8,379.60
353.0,379.58
353.1,379.56
353.3,379.54
353.4,379.52
353.6,379.50
353.7,379.48
353.9,379.45
354.0,379.43
354.2,379.41
354.3,379.39
354.5,379.37
354.6,379.35
354.8,379.33
354.9,379.31
355.1,379.29
355.3,379.27
355.4,379.25
355.6,379.23
355.7,379.21
355.9,379.19
356.0,379.17
356.2,379.15
356.3,379.13
356.5,379.11
356.6,379.10
356.8,379.08
356.9,379.06
357.1,379.04
357.2,379.02
357.4,379.01
357.5,378.99
357.7,378.98
357.9,378.96
358.0,378.95
358.2,378.93
358.3,378.91
358.5,378.90
358.6,378.88
358.8,378.86
358.9,378.85
359.1,378.83
359.2,378.81
359.4,378.79
359.5,378.78
359.7,378.76
359.8,378.74
360.0,378.72
360.1,378.70
360.3,378.68
360.5,378.66
360.6,378.64
360.8,378.62
360.9,378.61
361.1,378.59
361.2,378.57
361.4,378.55
361.5,378.54
361.7,378.52
361.8,378.50
362.0,378.48
362.1,378.46
362.3,378.44
362.4,378.43
362.6,378.41
362.8,378.39
362.9,378.38
363.1,378.36
363.2,378.34
363.4,378.32
363.5,378.30
363.7,378.28
363.8,378.26
364.0,378.24
364.1,378.23
364.3,378.21
364.4,378.20
364.6,378.18
364.7,378.17
364.9,378.15
365.0,378.13
365.2,378.11
365.4,378.09
365.5,378.08
365.7,378.06
365.8,378.04
366.0,378.02
366.1,378.00
366.3,377.98
366.4,377.96
366.6,377.94
366.7,377.92
366.9,377.90
367.0,377.88
367.2,377.85
367.3,377.83
367.5,377.81
367.7,377.79
367.8,377.77
368.0,377.75
368.1,377.73
368.3,377.72
368.4,377.70
368.6,377.68
368.7,377.66
368.9,377.64
369.0,377.62
369.2,377.61
369.3,377.59
369.5,377.57
369.6,377.55
369.8,377.53
369.9,377.51
370.1,377.49
370.3,377.47
370.4,377.46
370.6,377.44
370.7,377.42
370.9,377.40
371.0,377.38
371.2,377.36
371.3,377.34
371.5,377.32
371.6,377.31
371.8,377.29
371.9,377.27
372.1,377.26
372.2,377.24
372.4,377.23
372.5,377.21
372.7,377.19
372.9,377.17
373.0,377.15
373.2,377.13
373.3,377.11
373.5,377.09
373.6,377.07
373.8,377.06
373.9,377.04
374.1,377.02
374.2,377.00
374.4,376.98
374.5,376.96
374.7,376.94
374.8,376.92
375.0,376.90
375.2,376.88
375.3,376.86
375.5,376.85
375.6,376.83
375.8,376.82
375.9,376.80
376.1,376.78
376.2,376.77
376.4,376.75
376.5,376.73
376.7,376.72
376.8,376.70
377.0,376.68
377.1,376.66
377.3,376.64
377.4,376.62
377.6,376.60
377.8,376.59
377.9,376.57
378.1,376.55
378.2,376.53
378.4,376.51
378.5,376.49
378.7,376.47
378.8,376.45
379.0,376.44
379.1,376.42
379.3,376.40
379.4,376.38
379.6,376.35
379.7,376.33
379.9,376.32
380.0,376.29
380.2,376.27
380.4,376.25
380.5,376.23
380.7,376.21
380.8,376.19
381.0,376.16
381.1,376.14
381.3,376.12
381.4,376.10
381.6,376.08
381.7,376.06
381.9,376.04
382.0,376.02
382.2,376.00
382.3,375.98
382.5,375.95
382.7,375.93
382.8,375.91
383.0,375.89
383.1,375.87
383.3,375.85
383.4,375.83
383.6,375.81
383.7,375.79
383.9,375.77
384.0,375.75
384.2,375.73
384.3,375.71
384.5,375.69
384.6,375.67
384.8,375.66
384.9,375.64
385.1,375.62
385.3,375.60
385.4,375.58
385.6,375.56
385.7,375.55
385.9,375.52
386.0,375.50
386.2,375.49
386.3,375.47
386.5,375.45
386.6,375.44
386.8,375.42
386.9,375.41
387.1,375.39
387.2,375.38
387.4,375.36
387.6,375.34
387.7,375.33
387.9,375.31
388.0,375.29
388.2,375.27
388.3,375.26
388.5,375.24
388.6,375.22
388.8,375.20
388.9,375.18
389.1,375.16
389.2,375.14
389.4,375.12
389.5,375.10
389.7,375.08
389.8,375.06
390.0,375.04
390.2,375.02
390.3,375.00
390.5,374.97
390.6,374.95
390.8,374.93
390.9,374.91
391.1,374.89
391.2,374.87
391.4,374.85
391.5,374.83
391.7,374.80
391.8,374.78
392.0,374.76
392.1,374.74
392.3,374.71
392.5,374.69
392.6,374.67
392.8,374.65
392.9,374.63
393.1,374.61
393.2,374.59
393.4,374.57
393.5,374.55
393.7,374.53
393.8,374.51
394.0,374.49
394.1,374.47
394.3,374.46
394.4,374.44
394.6,374.42
394.7,374.40
394.9,374.38
395.1,374.37
395.2,374.35
395.4,374.34
395.5,374.32
395.7,374.30
395.8,374.28
396.0,374.27
396.1,374.25
396.3,374.23
396.4,374.21
396.6,374.19
396.7,374.18
396.9,374.16
397.0,374.14
397.2,374.13
397.3,374.11
397.5,374.09
397.7,374.08
397.8,374.06
398.0,374.04
398.1,374.02
398.3,374.00
398.4,373.98
398.6,373.96
398.7,373.95
398.9,373.93
399.0,373.91
399.2,373.89
399.3,373.86
399.5,373.85
399.6,373.83
399.8,373.81
400.0,373.79
400.1,373.78
400.3,373.76
400.4,373.74
400.6,373.73
400.7,373.71
400.9,373.69
401.0,373.67
401.2,373.65
401.3,373.64
401.5,373.62
401.6,373.61
401.8,373.59
401.9,373.57
402.1,373.55
402.2,373.53
402.4,373.52
402.6,373.50
402.7,373.48
402.9,373.46
403.0,373.44
403.2,373.43
403.3,373.41
403.5,373.39
403.6,373.38
403.8,373.36
403.9,373.35
404.1,373.33
404.2,373.31
404.4,373.30
404.5,373.28
404.7,373.26
404.8,373.25
405.0,373.23
405.2,373.21
405.3,373.19
405.5,373.17
405.6,373.15
405.8,373.12
405.9,373.11
406.1,373.09
406.2,373.06
406.4,373.04
406.5,373.02
406.7,372.99
406.8,372.97
407.0,372.95
407.1,372.93
407.3,372.90
407.5,372.88
407.6,372.86
407.8,372.84
407.9,372.82
408.1,372.80
408.2,372.78
408.4,372.76
408.5,372.74
408.7,372.72
408.8,372.69
409.0,372.67
409.1,372.65
409.3,372.63
409.4,372.62
409.6,372.60
409.7,372.59
409.9,372.57
410.1,372.56
410.2,372.55
410.4,372.53
410.5,372.52
410.7,372.50
410.8,372.49
411.0,372.48
411.1,372.46
411.3,372.45
411.4,372.44
411.6,372.43
411.7,372.41
411.9,372.40
412.0,372.38
412.2,372.36
412.3,372.35
412.5,372.33
412.7,372.32
412.8,372.30
413.0,372.28
413.1,372.26
413.3,372.25
413.4,372.23
413.6,372.21
413.7,372.20
413.9,372.18
414.0,372.16
414.2,372.14
414.3,372.12
414.5,372.10
414.6,372.08
414.8,372.06
415.0,372.04
415.1,372.02
415.3,372.01
415.4,371.99
415.6,371.97
415.7,371.95
415.9,371.93
416.0,371.91
416.2,371.89
416.3,371.87
416.5,371.85
416.6,371.84
416.8,371.82
416.9,371.81
417.1,371.79
417.2,371.77
417.4,371.75
417.6,371.73
417.7,371.71
417.9,371.70
418.0,371.68
418.2,371.67
418.3,371.65
418.5,371.63
418.6,371.62
418.8,371.60
418.9,371.59
419.1,371.57
419.2,371.55
419.4,371.54
419.5,371.52
419.7,371.50
419.9,371.49
420.0,371.47
420.2,371.45
420.3,371.43
420.5,371.42
420.6,371.40
420.8,371.38
420.9,371.36
421.1,371.35
421.2,371.33
421.4,371.31
421.5,371.29
421.7,371.27
421.8,371.26
422.0,371.24
422.1,371.23
422.3,371.21
422.5,371.19
422.6,371.18
422.8,371.16
422.9,371.14
423.1,371.13
423.2,371.11
423.4,371.10
423.5,371.09
423.7,371.08
423.8,371.07
424.0,371.05
424.1,371.04
424.3,371.03
424.4,371.01
424.6,371.00
424.7,370.98
424.9,370.96
425.1,370.94
425.2,370.92
425.4,370.90
425.5,370.88
425.7,370.85
425.8,370.83
426.0,370.81
426.1,370.79
426.3,370.76
426.4,370.74
426.6,370.71
426.7,370.69
426.9,370.67
427.0,370.64
427.2,370.62
427.4,370.60
427.5,370.58
427.7,370.56
427.8,370.55
428.0,370.53
428.1,370.51
428.3,370.49
428.4,370.47
428.6,370.45
428.7,370.44
428.9,370.42
429.0,370.40
429.2,370.38
429.3,370.37
429.5,370.35
429.6,370.33
429.8,370.32
430.0,370.30
430.1,370.28
430.3,370.27
430.4,370.25
430.6,370.23
430.7,370.22
430.9,370.20
431.0,370.18
431.2,370.16
431.3,370.14
431.5,370.12
431.6,370.10
431.8,370.08
431.9,370.06
432.1,370.03
432.3,370.01
432.4,369.99
432.6,369.97
432.7,369.95
432.9,369.93
433.0,369.91
433.2,369.89
433.3,369.87
433.5,369.85
433.6,369.83
433.8,369.81
433.9,369.79
434.1,369.78
434.2,369.76
434.4,369.74
434.5,369.73
434.7,369.71
434.9,369.70
435.0,369.68
435.2,369.66
435.3,369.64
435.5,369.62
435.6,369.60
435.8,369.58
435.9,369.56
436.1,369.54
436.2,369.52
436.4,369.51
436.5,369.49
436.7,369.47
436.8,369.45
437.0,369.44
437.1,369.41
437.3,369.40
437.5,369.38
437.6,369.36
437.8,369.34
437.9,369.32
438.1,369.31
438.2,369.29
438.4,369.27
438.5,369.25
438.7,369.23
438.8,369.21
439.0,369.18
439.1,369.16
439.3,369.14
439.4,369.12
439.6,369.10
439.8,369.08
439.9,369.06
440.1,369.05
440.2,369.03
440.4,369.01
440.5,368.99
440.7,368.97
440.8,368.94
441.0,368.92
441.1,368.90
441.3,368.88
441.4,368.86
441.6,368.85
441.7,368.82
441.9,368.81
442.0,368.79
442.2,368.77
442.4,368.75
442.5,368.73
442.7,368.71
442.8,368.69
443.0,368.68
443.1,368.66
443.3,368.64
443.4,368.62
443.6,368.60
443.7,368.58
443.9,368.56
444.0,368.54
444.2,368.53
444.3,368.51
444.5,368.48
444.6,368.46
444.8,368.44
445.0,368.42
445.1,368.40
445.3,368.38
445.4,368.36
445.6,368.35
445.7,368.33
445.9,368.31
446.0,368.30
446.2,368.28
446.3,368.27
446.5,368.26
446.6,368.24
446.8,368.23
446.9,368.22
447.1,368.21
447.3,368.19
447.4,368.18
447.6,368.16
447.7,368.15
447.9,368.13
448.0,368.11
448.2,368.10
448.3,368.08
448.5,368.06
448.6,368.04
448.8,368.02
448.9,368.00
449.1,367.97
449.2,367.95
449.4,367.92
449.5,367.90
449.7,367.88
449.9,367.85
450.0,367.83
450.2,367.81
450.3,367.79
450.5,367.77
450.6,367.75
450.8,367.73
450.9,367.71
451.1,367.69
451.2,367.68
451.4,367.66
451.5,367.64
451.7,367.62
451.8,367.61
452.0,367.59
452.2,367.57
452.3,367.55
452.5,367.54
452.6,367.52
452.8,367.51
452.9,367.49
453.1,367.47
453.2,367.45
453.4,367.44
453.5,367.42
453.7,367.40
453.8,367.38
454.0,367.36
454.1,367.35
454.3,367.33
454.4,367.31
454.6,367.29
454.8,367.27
454.9,367.25
455.1,367.24
455.2,367.22
455.4,367.20
455.5,367.18
455.7,367.16
455.8,367.15
456.0,367.13
456.1,367.11
456.3,367.09
456.4,367.07
456.6,367.05
456.7,367.03
456.9,367.01
457.0,366.99
457.2,366.98
457.4,366.96
457.5,366.94
457.7,366.93
457.8,366.91
458.0,366.90
458.1,366.88
458.3,366.86
458.4,366.84
458.6,366.83
458.7,366.81
458.9,366.80
459.0,366.78
459.2,366.76
459.3,366.75
459.5,366.73
459.7,366.72
459.8,366.70
460.0,366.68
460.1,366.66
460.3,366.64
460.4,366.62
460.6,366.60
460.7,366.58
460.9,366.56
461.0,366.54
461.2,366.52
461.3,366.50
461.5,366.48
461.6,366.46
461.8,366.44
461.9,366.42
462.1,366.41
462.3,366.39
462.4,366.37
462.6,366.36
462.7,366.34
462.9,366.33
463.0,366.31
463.2,366.30
463.3,366.28
463.5,366.27
463.6,366.25
463.8,366.23
463.9,366.22
464.1,366.20
464.2,366.18
464.4,366.16
464.6,366.14
464.7,366.12
464.9,366.10
465.0,366.08
465.2,366.06
465.3,366.05
465.5,366.03
465.6,366.00
465.8,365.98
465.9,365.96
466.1,365.94
466.2,365.93
466.4,365.91
466.5,365.89
466.7,365.87
466.8,365.85
467.0,365.83
467.2,365.81
467.3,365.78
467.5,365.76
467.6,365.73
467.8,365.71
467.9,365.69
468.1,365.66
468.2,365.64
468.4,365.61
468.5,365.59
468.7,365.56
468.8,365.54
469.0,365.52
469.1,365.50
469.3,365.48
469.4,365.46
469.6,365.44
469.8,365.42
469.9,365.41
470.1,365.39
470.2,365.38
470.4,365.36
470.5,365.34
470.7,365.32
470.8,365.30
471.0,365.29
471.1,365.27
471.3,365.25
471.4,365.23
471.6,365.21
471.7,365.19
471.9,365.17
472.1,365.15
472.2,365.13
472.4,365.11
472.5,365.09
472.7,365.07
472.8,365.06
473.0,365.04
473.1,365.02
473.3,365.01
473.4,364.99
473.6,364.97
473.7,364.95
473.9,364.93
474.0,364.91
474.2,364.89
474.3,364.87
474.5,364.85
474.7,364.83
474.8,364.81
475.0,364.79
475.1,364.77
475.3,364.76
475.4,364.74
475.6,364.72
475.7,364.70
475.9,364.68
476.0,364.66
476.2,364.65
476.3,364.63
476.5,364.61
476.6,364.59
476.8,364.57
477.0,364.55
477.1,364.53
477.3,364.52
477.4,364.50
477.6,364.48
477.7,364.48
477.9,364.46
478.0,364.44
478.2,364.41
478.3,364.39
478.5,364.37
478.6,364.34
478.8,364.32
478.9,364.30
479.1,364.28
479.2,364.26
479.4,364.23
479.6,364.21
479.7,364.19
479.9,364.16
480.0,364.14
480.2,364.12
480.3,364.10
480.5,364.08
480.6,364.06
480.8,364.05
480.9,364.03
481.1,364.01
481.2,363.99
481.4,363.98
481.5,363.96
481.7,363.94
481.8,363.93
482.0,363.92
482.2,363.91
482.3,363.89
482.5,363.88
482.6,363.86
482.8,363.85
482.9,363.82
483.1,363.80
483.2,363.78
483.4,363.76
483.5,363.73
483.7,363.71
483.8,363.69
484.0,363.68
484.1,363.66
484.3,363.64
484.5,363.62
484.6,363.60
484.8,363.58
484.9,363.56
485.1,363.55
485.2,363.53
485.4,363.52
485.5,363.51
485.7,363.49
485.8,363.48
486.0,363.47
486.1,363.45
486.3,363.44
486.4,363.42
486.6,363.40
486.7,363.38
486.9,363.36
487.1,363.34
487.2,363.32
487.4,363.30
487.5,363.27
487.7,363.25
487.8,363.23
488.0,363.20
488.1,363.18
488.3,363.16
488.4,363.14
488.6,363.11
488.7,363.09
488.9,363.07
489.0,363.05
489.2,363.03
489.3,363.01
489.5,362.99
489.7,362.98
489.8,362.96
490.0,362.94
490.1,362.92
490.3,362.90
490.4,362.88
490.6,362.86
490.7,362.84
490.9,362.82
491.0,362.79
491.2,362.77
491.3,362.75
491.5,362.73
491.6,362.71
491.8,362.68
492.0,362.66
492.1,362.64
492.3,362.62
492.4,362.60
492.6,362.58
492.7,362.55
492.9,362.53
493.0,362.51
493.2,362.48
493.3,362.46
493.5,362.44
493.6,362.43
493.8,362.41
493.9,362.39
494.1,362.37
494.2,362.35
494.4,362.33
494.6,362.31
494.7,362.29
494.9,362.27
495.0,362.26
495.2,362.24
495.3,362.22
495.5,362.21
495.6,362.19
495.8,362.17
495.9,362.15
496.1,362.13
496.2,362.10
496.4,362.09
496.5,362.07
496.7,362.05
496.8,362.03
497.0,362.01
497.2,361.99
497.3,361.97
497.5,361.95
497.6,361.93
497.8,361.91
497.9,361.89
498.1,361.87
498.2,361.85
498.4,361.83
498.5,361.82
498.7,361.80
498.8,361.79
499.0,361.77
499.1,361.75
499.3,361.74
499.5,361.73
499.6,361.71
499.8,361.69
499.9,361.67
500.1,361.66
500.2,361.64
500.4,361.62
500.5,361.61
500.7,361.59
500.8,361.57
501.0,361.55
501.1,361.53
501.3,361.51
501.4,361.50
501.6,361.47
501.7,361.45
501.9,361.43
502.1,361.41
502.2,361.39
502.4,361.37
502.5,361.35
502.7,361.33
502.8,361.31
503.0,361.30
503.1,361.28
503.3,361.26
503.4,361.24
503.6,361.22
503.7,361.20
503.9,361.18
504.0,361.16
504.2,361.15
504.4,361.13
504.5,361.11
504.7,361.09
504.8,361.07
505.0,361.05
505.1,361.03
505.3,361.01
505.4,360.99
505.6,360.97
505.7,360.95
505.9,360.93
506.0,360.91
506.2,360.89
506.3,360.88
506.5,360.86
506.6,360.84
506.8,360.83
507.0,360.81
507.1,360.80
507.3,360.78
507.4,360.77
507.6,360.76
507.7,360.74
507.9,360.73
508.0,360.72
508.2,360.70
508.3,360.69
508.5,360.68
508.6,360.66
508.8,360.64
508.9,360.62
509.1,360.60
509.3,360.58
509.4,360.56
509.6,360.54
509.7,360.53
509.9,360.52
510.0,360.50
510.2,360.48
510.3,360.46
510.5,360.45
510.6,360.43
510.8,360.41
510.9,360.39
511.1,360.38
511.2,360.36
511.4,360.35
511.5,360.33
511.7,360.32
511.9,360.30
512.0,360.28
512.2,360.26
512.3,360.24
512.5,360.22
512.6,360.21
512.8,360.19
512.9,360.17
513.1,360.16
513.2,360.15
513.4,360.13
513.5,360.12
513.7,360.10
513.8,360.09
514.0,360.07
514.1,360.06
514.3,360.04
514.5,360.03
514.6,360.02
514.8,360.00
514.9,359.99
515.1,359.97
515.2,359.96
515.4,359.94
515.5,359.92
515.7,359.90
515.8,359.88
516.0,359.86
516.1,359.84
516.3,359.82
516.4,359.80
516.6,359.79
516.8,359.77
516.9,359.75
517.1,359.73
517.2,359.71
517.4,359.69
517.5,359.67
517.7,359.66
517.8,359.64
518.0,359.62
518.1,359.61
518.3,359.59
518.4,359.58
518.6,359.57
518.7,359.55
518.9,359.54
519.0,359.52
519.2,359.50
519.4,359.49
519.5,359.47
519.7,359.46
519.8,359.45
520.0,359.43
520.1,359.42
520.3,359.40
520.4,359.39
520.6,359.37
520.7,359.35
520.9,359.33
521.0,359.31
521.2,359.29
521.3,359.27
521.5,359.25
521.7,359.24
521.8,359.22
522.0,359.20
522.1,359.19
522.3,359.17
522.4,359.15
522.6,359.13
522.7,359.11
522.9,359.09
523.0,359.07
523.2,359.06
523.3,359.04
523.5,359.02
523.6,359.01
523.8,358.99
523.9,358.97
524.1,358.95
524.3,358.93
524.4,358.92
524.6,358.90
524.7,358.89
524.9,358.87
525.0,358.85
525.2,358.84
525.3,358.82
525.5,358.81
525.6,358.79
525.8,358.77
525.9,358.75
526.1,358.74
526.2,358.72
526.4,358.71
526.5,358.69
526.7,358.67
526.9,358.65
527.0,358.63
527.2,358.61
527.3,358.58
527.5,358.56
527.6,358.54
527.8,358.52
527.9,358.50
528.1,358.48
528.2,358.45
528.4,358.43
528.5,358.41
528.7,358.39
528.8,358.36
529.0,358.34
529.2,358.32
529.3,358.30
529.5,358.28
529.6,358.26
529.8,358.24
529.9,358.22
530.1,358.20
530.2,358.19
530.4,358.17
530.5,358.16
530.7,358.14
530.8,358.13
531.0,358.11
531.1,358.10
531.3,358.08
531.4,358.06
531.6,358.05
531.8,358.03
531.9,358.02
532.1,358.00
532.2,357.98
532.4,357.96
532.5,357.94
532.7,357.92
532.8,357.90
533.0,357.88
533.1,357.86
533.3,357.85
533.4,357.83
533.6,357.81
533.7,357.79
533.9,357.78
534.0,357.76
534.2,357.75
534.4,357.73
534.5,357.71
534.7,357.70
534.8,357.68
535.0,357.67
535.1,357.66
535.3,357.64
535.4,357.63
535.6,357.61
535.7,357.60
535.9,357.58
536.0,357.56
536.2,357.55
536.3,357.53
536.5,357.52
536.7,357.50
536.8,357.48
537.0,357.47
537.1,357.45
537.3,357.43
537.4,357.42
537.6,357.40
537.7,357.38
537.9,357.37
538.0,357.35
538.2,357.34
538.3,357.32
538.5,357.31
538.6,357.29
538.8,357.27
538.9,357.26
539.1,357.24
539.3,357.22
539.4,357.21
539.6,357.19
539.7,357.17
539.9,357.15
540.0,357.13
540.2,357.13
540.3,357.11
540.5,357.08
540.6,357.06
540.8,357.03
540.9,357.01
541.1,356.98
541.2,356.96
541.4,356.94
541.6,356.91
541.7,356.89
541.9,356.87
542.0,356.85
542.2,356.83
542.3,356.81
542.5,356.80
542.6,356.78
542.8,356.76
542.9,356.74
543.1,356.73
543.2,356.71
543.4,356.70
543.5,356.68
543.7,356.66
543.8,356.65
544.0,356.63
544.2,356.61
544.3,356.59
544.5,356.57
544.6,356.55
544.8,356.54
544.9,356.52
545.1,356.50
545.2,356.49
545.4,356.47
545.5,356.46
545.7,356.44
545.8,356.43
546.0,356.42
546.1,356.41
546.3,356.40
546.4,356.38
546.6,356.37
546.8,356.36
546.9,356.35
547.1,356.33
547.2,356.31
547.4,356.30
547.5,356.28
547.7,356.27
547.8,356.25
548.0,356.24
548.1,356.22
548.3,356.20
548.4,356.19
548.6,356.17
548.7,356.15
548.9,356.13
549.1,356.11
549.2,356.10
549.4,356.08
549.5,356.06
549.7,356.04
549.8,356.02
550.0,356.00
550.1,355.98
550.3,355.96
550.4,355.94
550.6,355.92
550.7,355.90
550.9,355.88
551.0,355.86
551.2,355.84
551.3,355.82
551.5,355.80
551.7,355.78
551.8,355.76
552.0,355.74
552.1,355.72
552.3,355.70
552.4,355.68
552.6,355.66
552.7,355.64
552.9,355.62
553.0,355.61
553.2,355.59
553.3,355.57
553.5,355.55
553.6,355.53
553.8,355.51
554.0,355.50
554.1,355.48
554.3,355.46
554.4,355.45
554.6,355.43
554.7,355.42
554.9,355.40
555.0,355.39
555.2,355.37
555.3,355.35
555.5,355.33
555.6,355.32
555.8,355.30
555.9,355.28
556.1,355.26
556.2,355.25
556.4,355.23
556.6,355.21
556.7,355.19
556.9,355.18
557.0,355.16
557.2,355.14
557.3,355.13
557.5,355.11
557.6,355.09
557.8,355.07
557.9,355.06
558.1,355.04
558.2,355.02
558.4,355.00
558.5,354.98
558.7,354.97
558.8,354.94
559.0,354.92
559.2,354.90
559.3,354.88
559.5,354.86
559.6,354.83
559.8,354.81
559.9,354.79
560.1,354.76
560.2,354.74
560.4,354.72
560.5,354.70
560.7,354.68
560.8,354.65
561.0,354.63
561.1,354.61
561.3,354.59
561.5,354.58
561.6,354.56
561.8,354.54
561.9,354.52
562.1,354.50
562.2,354.48
562.4,354.47
562.5,354.46
562.7,354.44
562.8,354.43
563.0,354.41
563.1,354.40
563.3,354.39
563.4,354.37
563.6,354.36
563.7,354.34
563.9,354.32
564.1,354.31
564.2,354.29
564.4,354.27
564.5,354.26
564.7,354.24
564.8,354.22
565.0,354.20
565.1,354.17
565.3,354.15
565.4,354.13
565.6,354.11
565.7,354.09
565.9,354.07
566.0,354.05
566.2,354.03
566.3,354.01
566.5,353.99
566.7,353.97
566.8,353.95
567.0,353.93
567.1,353.92
567.3,353.89
567.4,353.88
567.6,353.86
567.7,353.84
567.9,353.82
568.0,353.81
568.2,353.79
568.3,353.77
568.5,353.76
568.6,353.73
568.8,353.72
569.0,353.69
569.1,353.67
569.3,353.65
569.4,353.62
569.6,353.60
569.7,353.58
569.9,353.56
570.0,353.54
570.2,353.51
570.3,353.49
570.5,353.47
570.6,353.44
570.8,353.42
570.9,353.40
571.1,353.38
571.2,353.36
571.4,353.34
571.6,353.32
571.7,353.30
571.9,353.28
572.0,353.27
572.2,353.25
572.3,353.23
572.5,353.22
572.6,353.20
572.8,353.19
572.9,353.17
573.1,353.15
573.2,353.13
573.4,353.12
573.5,353.10
573.7,353.08
573.8,353.07
574.0,353.05
574.2,353.03
574.3,353.02
574.5,353.00
574.6,352.98
574.8,352.96
574.9,352.94
575.1,352.92
575.2,352.90
575.4,352.89
575.5,352.87
575.7,352.85
575.8,352.83
576.0,352.81
576.1,352.79
576.3,352.76
576.5,352.73
576.6,352.71
576.8,352.69
576.9,352.67
577.1,352.65
577.2,352.63
577.4,352.61
577.5,352.59
577.7,352.57
577.8,352.55
578.0,352.53
578.1,352.52
578.3,352.50
578.4,352.48
578.6,352.47
578.7,352.45
578.9,352.44
579.1,352.43
579.2,352.42
579.4,352.40
579.5,352.39
579.7,352.38
579.8,352.36
580.0,352.35
580.1,352.34
580.3,352.32
580.4,352.31
580.6,352.29
580.7,352.27
580.9,352.26
581.0,352.24
581.2,352.22
581.4,352.21
581.5,352.19
581.7,352.17
581.8,352.15
582.0,352.13
582.1,352.11
582.3,352.09
582.4,352.07
582.6,352.05
582.7,352.03
582.9,352.01
583.0,351.99
583.2,351.97
583.3,351.96
583.5,351.94
583.6,351.92
583.8,351.90
584.0,351.88
584.1,351.86
584.3,351.84
584.4,351.82
584.6,351.81
584.7,351.81
584.9,351.79
585.0,351.77
585.2,351.76
585.3,351.74
585.5,351.72
585.6,351.71
585.8,351.69
585.9,351.68
586.1,351.66
586.2,351.64
586.4,351.62
586.6,351.60
586.7,351.58
586.9,351.56
587.0,351.54
587.2,351.52
587.3,351.50
587.5,351.48
587.6,351.46
587.8,351.44
587.9,351.42
588.1,351.39
588.2,351.36
588.4,351.34
588.5,351.32
588.7,351.30
588.9,351.28
589.0,351.26
589.2,351.24
589.3,351.22
589.5,351.20
589.6,351.18
589.8,351.16
589.9,351.15
590.1,351.13
590.2,351.11
590.4,351.10
590.5,351.09
590.7,351.08
590.8,351.07
591.0,351.05
591.1,351.04
591.3,351.03
591.5,351.01
591.6,351.00
591.8,350.98
591.9,350.97
592.1,350.95
592.2,350.93
592.4,350.92
592.5,350.90
592.7,350.88
592.8,350.86
593.0,350.84
593.1,350.82
593.3,350.81
593.4,350.79
593.6,350.77
593.7,350.76
593.9,350.74
594.1,350.72
594.2,350.70
594.4,350.69
594.5,350.67
594.7,350.65
594.8,350.64
595.0,350.62
595.1,350.60
595.3,350.59
595.4,350.57
595.6,350.55
595.7,350.54
595.9,350.52
596.0,350.50
596.2,350.49
596.4,350.47
596.5,350.45
596.7,350.44
596.8,350.42
597.0,350.40
597.1,350.38
597.3,350.36
597.4,350.35
597.6,350.33
597.7,350.31
597.9,350.29
598.0,350.27
598.2,350.25
598.3,350.24
598.5,350.22
598.6,350.21
598.8,350.19
599.0,350.17
599.1,350.15
599.3,350.14
599.4,350.12
599.6,350.11
599.7,350.09
599.9,350.07
600.0,350.05
600.2,350.03
600.3,350.02
600.5,350.00
600.6,349.98
600.8,349.96
600.9,349.93
601.1,349.91
601.3,349.89
601.4,349.87
601.6,349.85
601.7,349.84
601.9,349.81
602.0,349.79
602.2,349.78
602.3,349.76
602.5,349.74
602.6,349.73
602.8,349.71
602.9,349.69
603.1,349.68
603.2,349.67
603.4,349.66
603.5,349.64
603.7,349.63
603.9,349.61
604.0,349.60
604.2,349.58
604.3,349.57
604.5,349.55
604.6,349.53
604.8,349.52
604.9,349.50
605.1,349.49
605.2,349.47
605.4,349.46
605.5,349.44
605.7,349.43
605.8,349.41
606.0,349.39
606.2,349.37
606.3,349.35
606.5,349.33
606.6,349.31
606.8,349.29
606.9,349.28
607.1,349.26
607.2,349.24
607.4,349.22
607.5,349.20
607.7,349.18
607.8,349.16
608.0,349.14
608.1,349.12
608.3,349.11
608.4,349.09
608.6,349.07
608.8,349.06
608.9,349.04
609.1,349.02
609.2,349.01
609.4,348.99
609.5,348.97
609.7,348.96
609.8,348.94
610.0,348.92
610.1,348.90
610.3,348.89
610.4,348.87
610.6,348.85
610.7,348.84
610.9,348.82
611.0,348.81
611.2,348.79
611.4,348.77
611.5,348.75
611.7,348.73
611.8,348.72
612.0,348.70
612.1,348.68
612.3,348.65
612.4,348.63
612.6,348.61
612.7,348.59
612.9,348.57
613.0,348.54
613.2,348.52
613.3,348.49
613.5,348.47
613.7,348.45
613.8,348.43
614.0,348.41
614.1,348.39
614.3,348.37
614.4,348.35
614.6,348.33
614.7,348.31
614.9,348.29
615.0,348.27
615.2,348.26
615.3,348.24
615.5,348.22
615.6,348.20
615.8,348.19
615.9,348.17
616.1,348.15
616.3,348.13
616.4,348.12
616.6,348.10
616.7,348.08
616.9,348.07
617.0,348.05
617.2,348.03
617.3,348.02
617.5,348.00
617.6,347.99
617.8,347.97
617.9,347.95
618.1,347.94
618.2,347.92
618.4,347.91
618.5,347.89
618.7,347.88
618.9,347.86
619.0,347.84
619.2,347.82
619.3,347.81
619.5,347.79
619.6,347.77
619.8,347.75
619.9,347.73
620.1,347.72
620.2,347.70
620.4,347.68
620.5,347.67
620.7,347.65
620.8,347.63
621.0,347.61
621.2,347.59
621.3,347.57
621.5,347.56
621.6,347.54
621.8,347.53
621.9,347.52
622.1,347.51
622.2,347.50
622.4,347.48
622.5,347.47
622.7,347.45
622.8,347.43
623.0,347.42
623.1,347.40
623.3,347.38
623.4,347.36
623.6,347.34
623.8,347.32
623.9,347.30
624.1,347.28
624.2,347.26
624.4,347.24
624.5,347.21
624.7,347.18
624.8,347.16
625.0,347.13
625.1,347.11
625.3,347.09
625.4,347.07
625.6,347.05
625.7,347.03
625.9,347.01
626.0,346.99
626.2,346.97
626.4,346.95
626.5,346.94
626.7,346.92
626.8,346.90
627.0,346.89
627.1,346.88
627.3,346.86
627.4,346.85
627.6,346.84
627.7,346.83
627.9,346.81
628.0,346.80
628.2,346.79
628.3,346.78
628.5,346.76
628.7,346.74
628.8,346.73
629.0,346.72
629.1,346.70
629.3,346.69
629.4,346.67
629.6,346.66
629.7,346.64
629.9,346.63
630.0,346.61
630.2,346.60
630.3,346.58
630.5,346.57
630.6,346.55
630.8,346.53
630.9,346.52
631.1,346.50
631.3,346.49
631.4,346.47
631.6,346.45
631.7,346.43
631.9,346.42
632.0,346.40
632.2,346.38
632.3,346.36
632.5,346.35
632.6,346.33
632.8,346.32
632.9,346.30
633.1,346.29
633.2,346.27
633.4,346.26
633.6,346.24
633.7,346.22
633.9,346.21
634.0,346.19
634.2,346.18
634.3,346.16
634.5,346.14
634.6,346.13
634.8,346.11
634.9,346.10
635.1,346.08
635.2,346.06
635.4,346.04
635.5,346.02
635.7,346.00
635.8,345.99
636.0,345.97
636.2,345.95
636.3,345.93
636.5,345.91
636.6,345.90
636.8,345.88
636.9,345.86
637.1,345.85
637.2,345.83
637.4,345.82
637.5,345.80
637.7,345.78
637.8,345.77
638.0,345.75
638.1,345.73
638.3,345.71
638.5,345.69
638.6,345.68
638.8,345.66
638.9,345.64
639.1,345.62
639.2,345.61
639.4,345.59
639.5,345.57
639.7,345.55
639.8,345.53
640.0,345.51
640.1,345.49
640.3,345.47
640.4,345.45
640.6,345.44
640.7,345.43
640.9,345.42
641.1,345.40
641.2,345.39
641.4,345.38
641.5,345.36
641.7,345.35
641.8,345.34
642.0,345.32
642.1,345.31
642.3,345.30
642.4,345.28
642.6,345.27
642.7,345.25
642.9,345.24
643.0,345.23
643.2,345.21
643.3,345.19
643.5,345.17
643.7,345.16
643.8,345.14
644.0,345.12
644.1,345.11
644.3,345.09
644.4,345.07
644.6,345.05
644.7,345.03
644.9,345.01
645.0,344.99
645.2,344.98
645.3,344.96
645.5,344.95
645.6,344.93
645.8,344.92
646.0,344.90
646.1,344.89
646.3,344.87
646.4,344.86
646.6,344.84
646.7,344.83
646.9,344.82
647.0,344.81
647.2,344.80
647.3,344.79
647.5,344.78
647.6,344.77
647.8,344.76
647.9,344.75
648.1,344.73
648.2,344.72
648.4,344.71
648.6,344.69
648.7,344.68
648.9,344.67
649.0,344.65
649.2,344.64
649.3,344.62
649.5,344.60
649.6,344.59
649.8,344.57
649.9,344.55
650.1,344.52
650.2,344.50
650.4,344.48
650.5,344.45
650.7,344.43
650.8,344.41
651.0,344.39
651.2,344.37
651.3,344.35
651.5,344.34
651.6,344.32
651.8,344.30
651.9,344.28
652.1,344.27
652.2,344.25
652.4,344.23
652.5,344.22
652.7,344.21
652.8,344.19
653.0,344.18
653.1,344.16
653.3,344.14
653.5,344.13
653.6,344.11
653.8,344.09
653.9,344.07
654.1,344.05
654.2,344.04
654.4,344.02
654.5,344.00
654.7,343.98
654.8,343.96
655.0,343.95
655.1,343.93
655.3,343.92
655.4,343.90
655.6,343.89
655.7,343.87
655.9,343.86
656.1,343.84
656.2,343.82
656.4,343.81
656.5,343.79
656.7,343.77
656.8,343.75
657.0,343.74
657.1,343.72
657.3,343.70
657.4,343.68
657.6,343.66
657.7,343.64
657.9,343.62
658.0,343.60
658.2,343.58
658.3,343.55
658.5,343.53
658.7,343.51
658.8,343.49
659.0,343.48
659.1,343.46
659.3,343.44
659.4,343.42
659.6,343.40
659.7,343.39
659.9,343.37
660.0,343.36
660.2,343.34
660.3,343.33
660.5,343.31
660.6,343.30
660.8,343.28
661.0,343.26
661.1,343.24
661.3,343.23
661.4,343.21
661.6,343.19
661.7,343.17
661.9,343.15
662.0,343.14
662.2,343.12
662.3,343.10
662.5,343.08
662.6,343.05
662.8,343.03
662.9,343.01
663.1,342.99
663.2,342.98
663.4,342.96
663.6,342.94
663.7,342.93
663.9,342.91
664.0,342.89
664.2,342.87
664.3,342.86
664.5,342.84
664.6,342.82
664.8,342.80
664.9,342.78
665.1,342.76
665.2,342.74
665.4,342.72
665.5,342.69
665.7,342.67
665.8,342.64
666.0,342.61
666.2,342.59
666.3,342.56
666.5,342.54
666.6,342.52
666.8,342.50
666.9,342.48
667.1,342.46
667.2,342.45
667.4,342.43
667.5,342.41
667.7,342.40
667.8,342.39
668.0,342.38
668.1,342.37
668.3,342.36
668.5,342.36
668.6,342.34
668.8,342.33
668.9,342.31
669.1,342.30
669.2,342.28
669.4,342.26
669.5,342.25
669.7,342.23
669.8,342.21
670.0,342.20
670.1,342.18
670.3,342.17
670.4,342.15
670.6,342.14
670.7,342.12
670.9,342.11
671.1,342.10
671.2,342.09
671.4,342.07
671.5,342.06
671.7,342.05
671.8,342.04
672.0,342.02
672.1,342.01
672.3,342.00
672.4,341.98
672.6,341.97
672.7,341.95
672.9,341.93
673.0,341.91
673.2,341.89
673.4,341.87
673.5,341.84
673.7,341.82
673.8,341.79
674.0,341.77
674.1,341.75
674.3,341.72
674.4,341.70
674.6,341.68
674.7,341.66
674.9,341.63
675.0,341.61
675.2,341.59
675.3,341.57
675.5,341.56
675.6,341.54
675.8,341.53
676.0,341.51
676.1,341.50
676.3,341.49
676.4,341.48
676.6,341.46
676.7,341.45
676.9,341.44
677.0,341.44
677.2,341.43
677.3,341.41
677.5,341.40
677.6,341.38
677.8,341.37
677.9,341.35
678.1,341.33
678.2,341.32
678.4,341.30
678.6,341.29
678.7,341.28
678.9,341.26
679.0,341.24
679.2,341.23
679.3,341.21
679.5,341.20
679.6,341.19
679.8,341.18
679.9,341.16
680.1,341.15
680.2,341.14
680.4,341.12
680.5,341.11
680.7,341.09
680.9,341.08
681.0,341.06
681.2,341.04
681.3,341.03
681.5,341.01
681.6,340.99
681.8,340.97
681.9,340.95
682.1,340.93
682.2,340.91
682.4,340.89
682.5,340.87
682.7,340.86
682.8,340.84
683.0,340.82
683.1,340.80
683.3,340.78
683.5,340.77
683.6,340.74
683.8,340.72
683.9,340.70
684.1,340.68
684.2,340.66
684.4,340.63
684.5,340.60
684.7,340.58
684.8,340.55
685.0,340.53
685.1,340.50
685.3,340.48
685.4,340.45
685.6,340.43
685.7,340.40
685.9,340.38
686.1,340.36
686.2,340.34
686.4,340.32
686.5,340.31
686.7,340.29
686.8,340.28
687.0,340.27
687.1,340.25
687.3,340.24
687.4,340.23
687.6,340.22
687.7,340.21
687.9,340.20
688.0,340.19
688.2,340.18
688.4,340.17
688.5,340.16
688.7,340.15
688.8,340.14
689.0,340.12
689.1,340.11
689.3,340.10
689.4,340.08
689.6,340.07
689.7,340.05
689.9,340.03
690.0,340.01
690.2,339.99
690.3,339.97
690.5,339.95
690.6,339.93
690.8,339.90
691.0,339.88
691.1,339.85
691.3,339.83
691.4,339.81
691.6,339.79
691.7,339.77
691.9,339.75
692.0,339.72
692.2,339.70
692.3,339.68
692.5,339.66
692.6,339.64
692.8,339.62
692.9,339.60
693.1,339.58
693.3,339.57
693.4,339.55
693.6,339.53
693.7,339.50
693.9,339.49
694.0,339.47
694.2,339.45
694.3,339.42
694.5,339.40
694.6,339.38
694.8,339.36
694.9,339.34
695.1,339.32
695.2,339.30
695.4,339.28
695.5,339.25
695.7,339.23
695.9,339.22
696.0,339.20
696.2,339.18
696.3,339.16
696.5,339.14
696.6,339.12
696.8,339.10
696.9,339.08
697.1,339.07
697.2,339.05
697.4,339.04
697.5,339.02
697.7,339.01
697.8,339.00
698.0,338.98
698.2,338.97
698.3,338.95
698.5,338.94
698.6,338.92
698.8,338.90
698.9,338.89
699.1,338.87
699.2,338.86
699.4,338.84
699.5,338.83
699.7,338.81
699.8,338.79
700.0,338.78
700.1,338.76
700.3,338.75
700.4,338.73
700.6,338.72
700.8,338.70
700.9,338.69
701.1,338.67
701.2,338.66
701.4,338.65
701.5,338.64
701.7,338.63
701.8,338.61
702.0,338.60
702.1,338.59
702.3,338.57
702.4,338.56
702.6,338.54
702.7,338.53
702.9,338.51
703.0,338.50
703.2,338.48
703.4,338.47
703.5,338.45
703.7,338.44
703.8,338.42
704.0,338.41
704.1,338.39
704.3,338.37
704.4,338.35
704.6,338.33
704.7,338.32
704.9,338.30
705.0,338.28
705.2,338.26
705.3,338.24
705.5,338.23
705.7,338.21
705.8,338.19
706.0,338.17
706.1,338.15
706.3,338.13
706.4,338.11
706.6,338.09
706.7,338.07
706.9,338.05
707.0,338.04
707.2,338.02
707.3,338.00
707.5,337.98
707.6,337.96
707.8,337.94
707.9,337.92
708.1,337.91
708.3,337.89
708.4,337.87
708.6,337.85
708.7,337.84
708.9,337.82
709.0,337.80
709.2,337.78
709.3,337.76
709.5,337.74
709.6,337.72
709.8,337.70
709.9,337.68
710.1,337.65
710.2,337.63
710.4,337.61
710.5,337.59
710.7,337.57
710.9,337.56
711.0,337.54
711.2,337.53
711.3,337.51
711.5,337.50
711.6,337.49
711.8,337.48
711.9,337.47
712.1,337.47
712.2,337.46
712.4,337.45
712.5,337.45
712.7,337.44
712.8,337.43
713.0,337.42
713.2,337.42
713.3,337.41
713.5,337.39
713.6,337.38
713.8,337.36
713.9,337.34
714.1,337.32
714.2,337.30
714.4,337.28
714.5,337.26
714.7,337.24
714.8,337.22
715.0,337.19
715.1,337.17
715.3,337.15
715.4,337.12
715.6,337.10
715.8,337.08
715.9,337.06
716.1,337.04
716.2,337.02
716.4,337.00
716.5,336.98
716.7,336.96
716.8,336.95
717.0,336.93
717.1,336.92
717.3,336.90
717.4,336.89
717.6,336.87
717.7,336.86
717.9,336.85
718.0,336.83
718.2,336.82
718.4,336.80
718.5,336.79
718.7,336.78
718.8,336.76
719.0,336.75
719.1,336.75
719.3,336.73
719.4,336.72
719.6,336.70
719.7,336.68
719.9,336.66
720.0,336.64
720.2,336.62
720.3,336.60
720.5,336.58
720.7,336.56
720.8,336.54
721.0,336.52
721.1,336.50
721.3,336.48
721.4,336.46
721.6,336.44
721.7,336.42
721.9,336.40
722.0,336.38
722.2,336.36
722.3,336.34
722.5,336.31
722.6,336.30
722.8,336.28
722.9,336.26
723.1,336.25
723.3,336.23
723.4,336.22
723.6,336.20
723.7,336.19
723.9,336.17
724.0,336.16
724.2,336.14
724.3,336.13
724.5,336.12
724.6,336.11
724.8,336.09
724.9,336.07
725.1,336.06
725.2,336.04
725.4,336.02
725.6,336.00
725.7,335.98
725.9,335.96
726.0,335.94
726.2,335.92
726.3,335.90
726.5,335.88
726.6,335.86
726.8,335.84
726.9,335.82
727.1,335.81
727.2,335.79
727.4,335.78
727.5,335.76
727.7,335.75
727.8,335.73
728.0,335.71
728.2,335.68
728.3,335.67
728.5,335.65
728.6,335.63
728.8,335.61
728.9,335.59
729.1,335.56
729.2,335.55
729.4,335.53
729.5,335.51
729.7,335.48
729.8,335.47
730.0,335.45
730.1,335.42
730.3,335.39
730.5,335.37
730.6,335.35
730.8,335.34
730.9,335.32
731.1,335.30
731.2,335.27
731.4,335.25
731.5,335.23
731.7,335.22
731.8,335.20
732.0,335.18
732.1,335.15
732.3,335.13
732.4,335.11
732.6,335.09
732.7,335.07
732.9,335.05
733.1,335.03
733.2,335.01
733.4,334.99
733.5,334.97
733.7,334.95
733.8,334.93
734.0,334.90
734.1,334.88
734.3,334.87
734.4,334.85
734.6,334.84
734.7,334.83
734.9,334.81
735.0,334.80
735.2,334.78
735.3,334.77
735.5,334.76
735.7,334.75
735.8,334.74
736.0,334.73
736.1,334.71
736.3,334.70
736.4,334.68
736.6,334.67
736.7,334.66
736.9,334.65
737.0,334.63
737.2,334.62
737.3,334.61
737.5,334.60
737.6,334.59
737.8,334.58
738.0,334.56
738.1,334.55
738.3,334.54
738.4,334.52
738.6,334.51
738.7,334.50
738.9,334.49
739.0,334.49
739.2,334.48
739.3,334.46
739.5,334.45
739.6,334.43
739.8,334.41
739.9,334.39
740.1,334.37
740.2,334.35
740.4,334.33
740.6,334.31
740.7,334.29
740.9,334.27
741.0,334.25
741.2,334.24
741.3,334.22
741.5,334.19
741.6,334.17
741.8,334.15
741.9,334.13
742.1,334.11
742.2,334.09
742.4,334.06
742.5,334.05
742.7,334.03
742.8,334.01
743.0,334.00
743.2,333.98
743.3,333.96
743.5,333.94
743.6,333.93
743.8,333.91
743.9,333.90
744.1,333.89
744.2,333.87
744.4,333.86
744.5,333.84
744.7,333.83
744.8,333.81
745.0,333.79
745.1,333.78
745.3,333.75
745.5,333.73
745.6,333.71
745.8,333.70
745.9,333.68
746.1,333.66
746.2,333.64
746.4,333.62
746.5,333.60
746.7,333.58
746.8,333.57
747.0,333.55
747.1,333.54
747.3,333.53
747.4,333.52
747.6,333.50
747.7,333.49
747.9,333.48
748.1,333.47
748.2,333.45
748.4,333.44
748.5,333.42
748.7,333.40
748.8,333.39
749.0,333.37
749.1,333.36
749.3,333.34
749.4,333.33
749.6,333.31
749.7,333.30
749.9,333.28
750.0,333.27
750.2,333.25
750.3,333.23
750.5,333.22
750.7,333.20
750.8,333.19
751.0,333.17
751.1,333.16
751.3,333.14
751.4,333.12
751.6,333.11
751.7,333.09
751.9,333.07
752.0,333.05
752.2,333.02
752.3,333.00
752.5,332.98
752.6,332.96
752.8,332.94
753.0,332.92
753.1,332.90
753.3,332.87
753.4,332.85
753.6,332.83
753.7,332.81
753.9,332.79
754.0,332.76
754.2,332.74
754.3,332.72
754.5,332.70
754.6,332.68
754.8,332.65
754.9,332.63
755.1,332.61
755.2,332.58
755.4,332.56
755.6,332.53
755.7,332.51
755.9,332.48
756.0,332.46
756.2,332.44
756.3,332.42
756.5,332.40
756.6,332.39
756.8,332.37
756.9,332.35
757.1,332.33
757.2,332.32
757.4,332.30
757.5,332.29
757.7,332.27
757.9,332.26
758.0,332.24
758.2,332.22
758.3,332.21
758.5,332.19
758.6,332.17
758.8,332.15
758.9,332.13
759.1,332.10
759.2,332.09
759.4,332.07
759.5,332.05
759.7,332.03
759.8,332.01
760.0,332.00
760.1,331.98
760.3,331.96
760.5,331.95
760.6,331.94
760.8,331.92
760.9,331.91
761.1,331.89
761.2,331.88
761.4,331.87
761.5,331.85
761.7,331.83
761.8,331.82
762.0,331.80
762.1,331.78
762.3,331.77
762.4,331.75
762.6,331.74
762.7,331.72
762.9,331.71
763.1,331.69
763.2,331.68
763.4,331.66
763.5,331.65
763.7,331.64
763.8,331.62
764.0,331.61
764.1,331.60
764.3,331.59
764.4,331.58
764.6,331.57
764.7,331.55
764.9,331.54
765.0,331.52
765.2,331.50
765.4,331.48
765.5,331.46
765.7,331.44
765.8,331.42
766.0,331.40
766.1,331.38
766.3,331.35
766.4,331.33
766.6,331.31
766.7,331.29
766.9,331.27
767.0,331.25
767.2,331.22
767.3,331.21
767.5,331.19
767.6,331.17
767.8,331.16
768.0,331.15
768.1,331.13
768.3,331.12
768.4,331.10
768.6,331.08
768.7,331.07
768.9,331.05
769.0,331.03
769.2,331.01
769.3,330.99
769.5,330.97
769.6,330.95
769.8,330.93
769.9,330.92
770.1,330.90
770.3,330.87
770.4,330.85
770.6,330.83
770.7,330.81
770.9,330.79
771.0,330.76
771.2,330.74
771.3,330.74
771.5,330.73
771.6,330.71
771.8,330.69
771.9,330.67
772.1,330.65
772.2,330.63
772.4,330.61
772.5,330.58
772.7,330.56
772.9,330.54
773.0,330.52
773.2,330.51
773.3,330.49
773.5,330.47
773.6,330.46
773.8,330.45
773.9,330.43
774.1,330.41
774.2,330.40
774.4,330.39
774.5,330.38
774.7,330.37
774.8,330.35
775.0,330.34
775.1,330.33
775.3,330.32
775.5,330.31
775.6,330.29
775.8,330.28
775.9,330.26
776.1,330.25
776.2,330.23
776.4,330.22
776.5,330.20
776.7,330.19
776.8,330.18
777.0,330.16
777.1,330.15
777.3,330.13
777.4,330.12
777.6,330.10
777.8,330.09
777.9,330.08
778.1,330.07
778.2,330.05
778.4,330.04
778.5,330.03
778.7,330.01
778.8,330.00
779.0,329.98
779.1,329.96
779.3,329.94
779.4,329.93
779.6,329.91
779.7,329.90
779.9,329.88
780.0,329.87
780.2,329.86
780.4,329.84
780.5,329.83
780.7,329.81
780.8,329.80
781.0,329.79
781.1,329.78
781.3,329.76
781.4,329.75
781.6,329.73
781.7,329.72
781.9,329.71
782.0,329.69
782.2,329.68
782.3,329.66
782.5,329.64
782.6,329.62
782.8,329.61
783.0,329.59
783.1,329.57
783.3,329.55
783.4,329.53
783.6,329.51
783.7,329.49
783.9,329.48
784.0,329.46
784.2,329.44
784.3,329.42
784.5,329.41
784.6,329.39
784.8,329.37
784.9,329.35
785.1,329.33
785.3,329.31
785.4,329.29
785.6,329.27
785.7,329.26
785.9,329.25
786.0,329.23
786.2,329.22
786.3,329.21
786.5,329.20
786.6,329.18
786.8,329.18
786.9,329.17
787.1,329.16
787.2,329.16
787.4,329.15
787.5,329.15
787.7,329.14
787.9,329.13
788.0,329.13
788.2,329.12
788.3,329.11
788.5,329.09
788.6,329.08
788.8,329.06
788.9,329.05
789.1,329.03
789.2,329.02
789.4,329.00
789.5,328.98
789.7,328.96
789.8,328.94
790.0,328.92
790.2,328.90
790.3,328.88
790.5,328.86
790.6,328.85
790.8,328.83
790.9,328.81
791.1,328.80
791.2,328.79
791.4,328.77
791.5,328.76
791.7,328.75
791.8,328.73
792.0,328.72
792.1,328.70
792.3,328.69
792.4,328.67
792.6,328.66
792.8,328.64
792.9,328.63
793.1,328.61
793.2,328.59
793.4,328.58
793.5,328.56
793.7,328.54
793.8,328.51
794.0,328.49
794.1,328.47
794.3,328.45
794.4,328.43
794.6,328.41
794.7,328.40
794.9,328.38
795.0,328.35
795.2,328.33
795.4,328.31
795.5,328.29
795.7,328.27
795.8,328.25
796.0,328.23
796.1,328.21
796.3,328.19
796.4,328.17
796.6,328.15
796.7,328.13
796.9,328.11
797.0,328.09
797.2,328.07
797.3,328.05
797.5,328.03
797.7,328.01
797.8,327.99
798.0,327.98
798.1,327.96
798.3,327.95
798.4,327.93
798.6,327.92
798.7,327.90
798.9,327.89
799.0,327.88
799.2,327.86
799.3,327.85
799.5,327.84
799.6,327.83
799.8,327.82
799.9,327.81
800.1,327.80
800.3,327.79
800.4,327.78
800.6,327.77
800.7,327.75
800.9,327.74
801.0,327.73
801.2,327.71
801.3,327.70
801.5,327.68
801.6,327.67
801.8,327.65
801.9,327.63
802.1,327.62
802.2,327.60
802.4,327.59
